ETossed,Hungrybox,Leffen,Mang0,Axe,Wizzrobe,Zain,aMSa,Plup,iBDW,Mew2King,S2J,Fiction,SFAT,moky,n0ne/ Bond / wizzyfan109,Trif,Faceroll,Lucky,Ginger,Spark,lloD,KJH,Shroomed,Medz,Professor Pro,2saint,Gahtzu,Albert,Rishi,Magi,Morsecode762,Zamu,Drephen,Michael,Ice,billybopeep,Colbol,Kalamazhu,Aura,nut,Kalvar,Polish,Tai,KoDoRiN,Free Palestine,Ryobeat,Luigi Ka-Master,Kurv,Frenzy,bobby big ballz,Nicki,Rocky,Panda,TheSWOOPER,Fizz,Krudo,Sora/Joshman,Aklo,Android 0,Ben,Bones,Captain Smuckers,Chape,Chem,Dacky,Eggy,Far!,Flash,Jah Ridin',Jflex,Jmook,Juicebox,Justus,Khryke,Logan,Mekk,Mot$,NoFluxes,null,Palpa,Pappi,Pipsqueak,Ringler,SDJ,Secrets,SFOP,Skerzo,Slowking,SluG,Sock,Swift,Wally,Warmmer,Zealot,Zuppy,Other losses
Hungrybox,N/A,0-1,1-2,0-0,1-5,0-3,1-1,0-1,1-3,0-0,2-4,1-0,3-0,2-0,5-2,0-0,0-0,0-1,10-6,0-0,1-0,0-0,0-0,1-0,0-0,1-1,1-1,1-1,1-0,3-0,0-0,2-0,0-0,0-0,0-0,0-0,2-0,1-0,0-0,0-0,0-0,0-2,0-0,4-1,1-0,0-0,1-0,0-0,0-0,8-0,1-0,1-0,3-0,0-0,0-0,0-0,0-0,9-2,0-0,6-9,1-1,0-0,0-0,1-0,0-0,1-0,0-0,0-0,0-0,6-0,0-0,0-0,1-0,1-0,1-0,0-0,0-0,0-0,0-0,0-0,0-0,1-0,0-0,1-0,1-0,0-0,1-0,0-0,3-0,1-0,3-1,0-0,0-0,0-0,1-0,"Balloon Day, Blues Clues, Elliot, Kuyashi, Hax$, BZimm, Hax$",
Leffen,1-0,N/A,0-1,0-0,0-1,0-0,0-0,0-0,0-1,0-0,0-0,0-0,0-0,0-0,0-0,5-0,0-0,0-0,0-0,0-0,0-0,0-0,0-0,0-0,1-0,0-0,0-0,0-0,0-0,1-0,0-0,0-0,0-0,0-0,1-0,0-0,0-0,0-0,0-0,0-0,0-0,0-0,0-0,0-0,0-0,0-0,0-0,0-0,4-1,0-0,4-0,0-0,0-0,0-0,0-0,0-0,0-0,0-0,0-0,0-0,0-0,0-0,0-0,0-0,0-0,0-0,0-0,0-0,3-0,0-0,0-0,0-0,0-0,0-0,0-0,0-0,0-0,0-0,1-0,0-0,0-0,3-3,0-0,0-0,0-0,0-0,0-0,0-0,0-0,0-0,1-0,0-0,0-0,0-0,0-0,,
Mang0,2-1,1-0,N/A,0-0,2-0,3-1,0-2,1-1,1-1,0-0,0-0,0-0,0-1,2-0,1-0,0-0,0-0,1-0,0-0,0-0,0-0,0-0,0-0,0-0,0-0,0-0,0-0,0-0,0-0,0-0,0-0,0-0,0-0,0-0,0-0,0-0,0-0,0-1,0-0,0-0,0-0,0-0,0-0,2-0,1-0,0-0,0-0,0-0,0-0,0-0,0-0,0-0,0-0,0-0,0-0,0-0,0-0,0-0,0-0,0-0,0-0,0-0,0-0,0-0,0-0,0-0,0-0,0-0,0-0,0-0,0-0,0-0,0-0,0-0,0-0,0-0,0-0,0-0,0-0,0-0,0-0,0-0,0-0,0-0,0-0,0-0,0-0,0-0,0-0,0-0,1-0,0-0,0-0,0-0,0-0,,
Axe,0-0,0-0,0-0,N/A,0-2,0-1,1-0,0-1,0-2,0-0,0-2,0-0,0-3,0-1,0-0,0-1,2-0,0-0,1-4,0-0,0-0,0-0,0-0,0-2,0-0,1-1,0-1,0-1,1-0,0-0,0-0,1-0,0-0,0-0,0-0,0-1,0-0,0-0,0-1,0-0,0-0,0-1,0-0,3-0,0-0,0-0,0-0,0-0,0-0,2-2,0-0,0-0,0-0,0-0,0-0,1-0,0-1,1-3,1-0,3-0,0-0,0-0,0-0,0-0,0-0,0-0,0-0,0-0,0-0,1-0,0-0,0-0,1-0,0-0,2-0,0-0,0-0,1-0,0-0,0-0,0-0,0-0,0-0,1-0,0-1,2-0,0-0,0-0,0-0,0-0,0-0,1-0,0-0,1-0,0-0,DankBot,
Wizzrobe,5-1,1-0,0-2,2-0,N/A,0-1,1-0,0-3,0-2,1-0,0-0,0-0,2-0,0-1,0-1,1-0,0-0,1-0,3-0,0-0,2-0,0-0,0-0,0-0,0-0,2-0,0-0,0-0,0-0,1-1,0-0,0-0,0-0,0-0,0-0,0-0,1-0,0-0,1-0,0-0,0-0,1-0,0-0,2-0,0-0,0-0,0-0,0-0,1-0,0-0,0-0,1-0,0-0,1-0,0-0,0-0,0-0,3-0,0-0,0-1,0-0,0-0,0-0,0-0,0-0,0-0,0-0,3-0,0-0,0-0,0-0,0-0,0-0,0-0,1-0,0-0,0-0,0-0,1-0,0-0,0-0,0-0,0-0,0-0,0-0,0-0,1-0,0-0,0-0,0-0,0-0,0-0,0-0,1-0,0-0,,
Zain,3-0,0-0,1-3,1-0,1-0,N/A,1-0,1-0,2-1,0-0,2-1,0-0,1-0,1-0,1-0,0-0,0-0,0-0,1-0,0-0,1-1,0-0,0-0,0-0,0-0,1-0,1-0,0-0,0-0,0-0,0-0,1-0,0-0,0-0,0-0,0-0,1-0,1-0,0-0,0-0,0-0,1-0,0-0,2-0,0-0,1-0,0-0,0-0,0-0,1-1,0-0,0-0,0-0,0-0,0-0,0-0,1-0,1-1,0-0,0-1,1-0,0-0,0-0,0-0,0-0,0-0,0-0,0-0,0-0,0-1,0-1,0-0,0-0,0-0,0-0,0-0,0-0,0-0,0-0,0-0,0-0,0-0,0-0,0-0,0-0,0-0,0-0,0-0,1-0,0-0,0-0,0-0,0-0,0-0,0-0,"JOJI, Siddward, Kadence, Anwarrior, ORLY, flatline, Kaiser, Tyroy",
aMSa,1-1,0-0,2-0,0-1,0-1,0-1,N/A,0-1,0-1,0-0,0-0,0-0,1-0,0-0,1-0,0-1,0-0,0-0,0-0,0-0,1-0,0-0,0-0,0-0,0-0,0-0,1-0,0-0,0-0,0-0,0-0,0-0,0-0,0-0,0-0,0-0,0-0,1-0,0-0,0-0,0-0,0-0,0-0,0-0,1-0,0-0,0-0,0-0,0-0,0-0,0-0,0-0,0-0,0-0,0-0,0-0,0-0,1-0,0-0,0-0,0-0,0-0,0-0,0-0,0-0,0-0,1-0,0-0,0-0,0-0,1-0,0-0,0-0,0-0,0-0,0-0,0-0,0-0,0-0,0-0,0-0,0-0,0-0,0-0,0-0,0-0,0-0,0-0,0-0,0-0,0-0,0-0,0-0,0-0,0-0,,
Plup,1-0,0-0,1-1,1-0,3-0,0-1,1-0,N/A,1-2,0-0,0-0,1-0,3-1,0-0,2-0,0-0,2-0,1-0,1-0,0-0,0-0,0-0,0-0,1-0,0-0,1-0,1-0,0-0,0-0,0-0,0-0,0-0,0-0,0-0,1-0,1-0,0-0,0-0,0-0,0-0,0-0,0-0,0-0,2-0,0-0,0-0,0-0,0-0,0-0,0-0,0-0,0-0,0-0,0-0,0-0,0-0,0-0,1-0,0-0,1-0,0-0,0-0,0-0,0-0,1-0,0-0,0-0,0-0,0-0,0-0,0-0,1-0,0-0,0-0,1-0,0-0,0-0,0-0,0-0,0-0,0-0,1-0,0-0,0-0,0-0,0-0,0-0,0-0,0-0,0-0,0-0,0-0,0-0,0-0,0-0,,
iBDW,3-1,1-0,1-1,2-0,2-0,1-2,1-0,2-1,N/A,0-0,2-3,0-0,3-0,1-0,0-0,0-0,0-0,0-0,1-1,0-0,1-0,0-0,0-0,1-0,0-0,2-0,1-0,2-0,0-0,0-0,0-0,0-0,0-1,0-0,0-0,0-0,1-0,0-0,0-0,0-0,1-0,2-1,0-0,2-1,0-0,0-0,0-0,0-0,0-0,0-0,0-0,0-0,1-0,0-1,0-0,1-0,0-0,0-1,0-0,1-0,0-0,0-0,0-0,2-1,2-0,0-0,0-0,0-0,0-0,0-0,0-1,0-0,0-0,0-0,2-0,0-0,1-0,0-0,0-0,0-0,0-0,1-0,0-0,0-0,0-0,0-0,1-0,0-0,0-0,0-0,1-0,1-0,1-0,1-0,1-0,"Ben Snape, Joe(y) Bats, Lotfy, Just Jason",
Mew2King,0-0,0-0,0-0,0-0,0-1,0-0,0-0,0-0,0-0,N/A,0-0,0-0,0-0,0-0,0-0,0-0,0-0,0-0,0-0,0-0,0-0,0-0,0-0,0-0,0-0,0-0,0-0,0-0,0-0,0-0,0-0,0-0,0-0,0-0,0-0,0-0,0-0,0-0,1-0,0-0,0-0,0-0,0-0,0-1,0-0,0-0,0-0,0-0,1-0,0-0,0-0,0-0,0-0,0-0,0-0,0-0,0-0,0-0,0-0,0-0,0-0,0-0,0-0,0-0,0-0,0-0,0-0,0-0,0-0,0-0,0-0,0-0,0-0,0-0,0-0,0-1,0-0,0-0,0-0,0-0,0-0,0-0,0-0,0-0,0-0,0-0,0-0,0-0,0-0,0-0,0-0,0-0,0-0,0-0,0-0,Epic Murloc,
S2J,4-2,0-0,0-0,2-0,0-0,1-2,0-0,0-0,3-2,0-0,N/A,2-4,5-5,1-0,1-1,0-0,0-0,4-4,2-0,0-0,0-0,0-0,2-0,4-0,0-0,0-4,1-1,1-1,0-0,2-0,0-0,1-0,0-0,0-0,0-0,0-0,0-0,2-0,2-0,1-0,0-0,0-0,0-0,7-4,0-0,1-0,0-0,0-0,0-0,18-2,0-0,5-3,1-0,1-0,0-0,0-0,0-0,0-0,3-0,3-0,0-0,0-0,0-0,0-0,3-0,0-0,0-0,0-0,0-0,2-0,1-0,0-0,0-0,1-0,2-0,0-0,0-0,1-0,3-0,2-0,4-1,0-0,1-0,6-0,0-0,0-1,0-0,0-0,1-0,0-0,0-0,0-0,0-0,0-0,0-0,"OkayP., FatGoku, FatGoku",
Fiction,0-1,0-0,0-0,0-0,0-0,0-0,0-0,0-1,0-0,0-0,4-2,N/A,0-1,0-0,1-0,0-0,0-1,4-1,0-2,1-2,0-0,0-0,0-0,1-0,0-0,0-0,0-0,0-1,0-0,0-0,0-0,0-0,0-0,0-0,0-0,0-0,0-1,0-0,0-0,5-1,0-0,0-0,1-0,2-5,0-0,0-0,1-0,0-0,0-0,1-0,0-1,1-0,1-0,0-0,0-0,0-0,2-0,0-0,6-2,0-0,0-0,0-0,0-0,0-0,0-0,0-0,0-0,0-0,0-0,1-0,0-0,0-0,0-0,0-0,0-0,0-0,1-0,0-0,11-2,0-0,0-0,0-0,2-0,0-0,0-0,1-0,0-0,0-0,0-0,1-0,0-0,0-0,0-0,0-0,0-0,"FatGoku, ManRay, FatGoku, Franz, Franz, Westballz, Westballz, ARMY, Westballz, Casper, Asashi",
SFAT,0-3,0-0,1-0,3-0,0-2,0-1,0-1,1-3,0-3,0-0,5-5,1-0,N/A,0-0,2-0,0-0,1-0,2-0,1-2,0-0,1-0,0-0,0-0,3-0,1-0,2-0,2-1,3-0,0-0,0-3,0-0,2-1,0-0,0-0,0-0,0-0,0-0,0-0,2-0,0-0,0-0,0-0,1-0,6-6,3-0,0-0,0-0,0-0,0-0,7-5,0-0,5-1,0-0,0-0,0-0,0-0,1-0,4-1,0-0,1-0,1-0,0-0,0-0,1-0,0-0,0-0,0-0,0-0,0-0,0-0,0-0,0-0,0-0,0-0,2-0,0-0,1-0,0-0,0-0,0-0,5-0,0-0,0-0,0-0,0-0,2-0,0-0,0-0,0-0,0-0,0-0,0-0,0-0,1-0,0-0,"Epic Murloc, Trail, Soonsay, Smashdaddy",
moky,0-2,0-0,0-2,1-0,1-0,0-1,0-0,0-0,0-1,0-0,0-1,0-0,0-0,N/A,2-2,0-0,0-0,0-0,5-1,0-0,0-0,0-0,0-0,0-0,0-0,2-0,1-0,0-0,0-0,0-0,0-0,0-0,1-0,0-0,0-0,0-0,0-0,0-1,0-0,0-0,0-0,1-0,0-0,0-1,0-0,0-0,0-0,0-0,0-0,2-0,0-0,0-0,0-0,0-0,0-0,0-0,0-0,1-0,0-0,0-0,1-0,0-0,0-0,0-0,1-0,0-0,0-0,0-0,0-0,2-0,1-0,0-0,0-0,0-0,0-1,0-0,0-0,0-0,0-0,0-0,0-0,0-0,0-0,0-0,0-0,0-0,0-0,0-0,0-0,0-0,0-0,0-0,0-0,0-0,0-0,"DontTestMe, totally butts, Suezo, Syrox, Syrox, JHTL, Siddward, Aero, Joey Donuts, DontTestMe, Swami",
n0ne/ Bond / wizzyfan109,2-5,0-0,0-1,0-0,1-0,0-1,0-1,0-2,0-0,0-0,1-1,0-1,0-2,2-2,N/A,0-0,0-0,3-3,8-1,0-0,0-1,0-0,0-0,0-0,0-0,1-2,0-3,1-0,0-0,3-0,0-0,2-0,0-0,0-0,0-0,0-0,0-1,0-0,0-0,1-0,0-0,1-1,0-0,4-3,0-0,0-0,0-0,0-0,0-0,6-0,0-0,0-0,1-1,1-0,1-0,0-0,0-0,3-2,0-0,7-1,0-0,0-0,0-0,0-0,1-0,0-0,1-0,0-0,0-0,3-0,0-1,1-0,0-0,0-0,1-0,0-0,1-1,1-0,0-0,0-0,0-0,0-0,0-0,0-0,0-0,0-0,1-0,1-0,0-1,0-0,1-0,0-0,0-0,0-0,3-0,"OkayP., OkayP.",
Trif,0-0,0-5,0-0,1-0,0-1,0-0,1-0,0-0,0-0,0-0,0-0,0-0,0-0,0-0,0-0,N/A,2-0,0-0,0-0,0-0,0-0,0-0,0-0,0-0,1-3,0-0,0-0,0-0,0-0,0-0,0-0,0-0,0-0,0-0,3-0,0-0,0-0,0-0,0-0,0-0,0-0,0-1,0-0,0-0,0-0,0-0,0-0,0-0,8-2,0-0,3-0,0-0,0-0,0-0,0-0,0-0,1-0,1-0,0-0,1-0,0-0,0-0,0-0,0-0,0-0,0-0,0-0,0-0,2-0,0-0,0-0,0-0,0-0,0-0,0-0,0-0,0-0,0-0,0-0,0-0,0-0,3-2,0-0,0-0,0-0,0-0,0-0,0-0,0-0,0-0,0-0,0-0,0-0,0-0,0-0,"max, skullbro, Levingy, Mahie",
Faceroll,0-0,0-0,0-0,0-2,0-0,0-0,0-0,0-2,0-0,0-0,0-0,1-0,0-1,0-0,0-0,0-2,N/A,0-3,0-0,0-1,0-0,1-0,0-0,1-0,0-0,0-0,0-1,2-0,0-0,1-0,0-0,0-0,0-0,0-0,0-0,1-0,0-0,2-0,0-0,0-0,0-0,0-0,0-0,4-0,0-0,0-0,0-0,0-0,0-0,0-0,0-0,0-0,0-0,0-0,0-0,0-0,1-0,0-1,1-0,1-0,0-0,0-0,0-0,0-0,0-0,0-0,0-0,0-0,0-0,1-0,0-0,0-0,0-0,0-0,0-0,0-0,1-0,0-0,0-1,0-0,1-0,0-0,0-0,0-0,0-0,0-0,0-0,0-0,0-0,0-0,0-0,0-0,0-0,0-0,0-0,,
Lucky,1-0,0-0,0-1,0-0,0-1,0-0,0-0,0-1,0-0,0-0,4-4,1-4,0-2,0-0,3-3,0-0,3-0,N/A,0-2,1-2,0-0,0-0,1-0,3-1,0-0,0-0,1-2,1-0,0-1,0-1,0-0,1-0,1-0,1-0,0-0,0-0,0-0,1-0,0-0,0-0,0-0,1-1,0-0,5-10,0-0,0-0,0-0,0-0,0-0,10-8,0-0,2-2,0-0,1-0,0-0,0-0,0-0,0-1,3-1,2-1,0-0,0-0,0-0,0-0,2-1,0-0,0-0,0-0,0-0,5-0,0-0,0-0,2-0,0-0,0-0,0-0,1-0,0-0,5-1,0-1,3-1,0-0,0-0,0-0,0-0,2-1,1-0,2-0,0-0,0-0,0-0,0-0,0-0,0-0,0-0,"Azel, TheRealThing, mvlvchi, Asashi, Westballz, Westballz, Soonsay, Eddy Mexico, Westballz, Blues Clues, Logos, RedX, yingling, Kürv, Casper, Smashdaddy, aCID, Wassabi, Steech, MrG, Goosekhan",
Ginger,6-10,0-0,0-0,4-1,0-3,0-1,0-0,0-1,1-1,0-0,0-2,2-0,2-1,1-5,1-8,0-0,0-0,2-0,N/A,0-0,0-1,1-6,0-0,1-0,0-0,2-0,3-4,0-0,0-0,3-1,3-0,2-0,14-3,0-0,1-0,0-0,1-0,0-0,0-0,0-0,0-0,3-1,0-0,3-7,0-0,3-0,0-0,0-0,0-0,14-5,0-0,1-0,2-0,2-0,0-0,2-0,0-1,5-3,0-0,8-3,2-0,0-0,0-0,2-0,1-0,0-0,0-0,0-1,0-0,7-0,1-2,1-0,0-0,2-0,2-2,0-0,3-0,2-1,1-0,0-0,3-1,0-0,0-0,1-0,0-0,1-2,4-1,1-0,2-1,0-0,1-1,0-0,2-0,1-0,3-0,"ARMY, Bbatts, MOF, Kuyashi, Kuyashi, C-bass, Den, DontRestMe",
Spark,0-0,0-0,0-0,0-0,0-0,0-0,0-0,0-0,0-0,0-0,0-0,2-1,0-0,0-0,0-0,0-0,1-0,2-1,0-0,N/A,0-0,0-0,0-0,0-0,0-0,0-0,0-0,0-0,0-0,0-0,0-0,0-0,0-0,0-0,0-0,0-0,0-1,0-0,0-0,0-0,0-0,0-1,0-0,0-0,0-0,0-0,0-0,0-0,0-0,0-0,0-0,0-0,1-0,0-0,0-0,0-0,0-0,0-0,0-0,0-0,0-0,0-0,0-1,0-0,0-0,0-0,0-0,0-0,0-0,0-0,0-0,0-0,0-0,0-0,0-0,0-0,0-0,0-0,0-0,0-0,0-0,0-1,1-0,0-0,0-0,0-0,0-0,0-0,0-0,0-0,0-0,0-0,0-0,0-0,0-0,,
lloD,0-1,0-0,0-0,0-0,0-2,1-1,0-1,0-0,0-1,0-0,0-0,0-0,0-1,0-0,1-0,0-0,0-0,0-0,1-0,0-0,N/A,0-0,0-0,0-0,0-0,0-1,1-1,0-0,1-0,0-0,0-0,1-0,1-1,0-0,0-0,0-0,0-0,0-0,1-0,0-0,0-0,1-7,0-0,1-0,0-0,0-0,0-0,0-0,0-0,1-1,0-0,0-0,1-0,0-0,0-0,0-0,0-0,1-3,0-0,1-1,1-1,0-0,0-0,0-0,0-0,0-0,0-0,0-0,1-0,0-0,0-0,0-0,0-0,2-0,1-0,0-1,1-0,1-0,0-0,0-0,0-1,0-0,0-0,0-0,0-0,1-0,0-0,1-0,0-0,0-0,0-0,0-0,0-0,0-0,0-0,"Hax$, DrLobster, Neologism, Balloon Day",
KJH,0-0,0-0,0-0,0-0,0-0,0-0,0-0,0-0,0-0,0-0,0-0,0-0,0-0,0-0,0-0,0-0,0-1,0-0,6-1,0-0,0-0,N/A,0-0,0-0,0-0,0-0,0-0,0-0,0-0,0-0,0-0,0-0,2-0,0-0,0-0,0-0,0-0,0-0,0-0,0-0,0-0,0-0,0-0,0-0,1-0,0-0,0-0,0-0,0-0,0-0,0-0,0-0,0-0,1-0,0-0,0-0,0-0,0-0,0-0,0-0,0-0,0-0,0-0,0-0,0-0,0-0,0-0,0-0,0-0,0-0,0-0,0-0,0-0,0-0,0-0,0-0,0-0,0-0,0-0,0-0,0-0,0-0,0-0,0-0,0-0,0-0,0-0,0-0,0-0,0-0,0-0,0-0,0-0,0-0,0-0,FatGoku,
Shroomed,0-0,0-0,0-0,0-0,0-0,0-0,0-0,0-0,0-0,0-0,0-2,0-0,0-0,0-0,0-0,0-0,0-0,0-1,0-0,0-0,0-0,0-0,N/A,0-0,0-0,0-0,0-0,0-0,0-0,0-0,0-0,0-0,0-0,0-0,0-0,0-1,0-0,0-0,0-0,0-0,0-0,0-0,0-0,0-0,0-0,0-0,0-0,0-0,0-0,1-1,0-0,0-1,0-1,0-1,0-0,0-0,0-0,0-1,0-1,0-1,0-0,0-0,0-0,0-0,0-0,0-0,0-0,0-0,0-0,0-0,0-0,0-0,1-0,0-0,0-0,1-0,0-0,0-0,0-0,0-0,1-0,0-0,0-1,0-0,0-0,0-0,0-0,0-0,0-0,0-0,0-0,0-0,0-0,0-0,0-0,"Vavez, TheRealThing, ALP",
Medz,0-1,0-0,0-0,2-0,0-0,0-0,0-0,0-1,0-1,0-0,0-4,0-1,0-3,0-0,0-0,0-0,0-1,1-3,0-1,0-0,0-0,0-0,0-0,N/A,0-0,0-0,0-1,0-0,0-0,1-0,0-0,0-0,0-0,0-0,0-0,1-0,0-0,0-0,1-0,0-0,0-0,0-0,0-0,0-2,0-0,0-0,0-0,0-0,0-0,6-6,0-0,0-1,0-1,0-0,0-0,0-0,0-0,0-0,0-0,1-2,0-0,0-0,0-0,0-0,2-1,0-0,10-2,0-0,0-0,1-0,0-0,0-0,1-0,1-0,0-0,0-0,0-0,0-0,0-0,0-0,2-1,0-0,0-0,1-0,1-0,0-0,0-0,0-0,0-0,0-0,0-0,0-0,1-0,0-0,0-0,"Westballz, FatGoku, Soonsay, Soonsay, Connor, ARMY, Smashdaddy, blargh257, Steech, Salt, Kürv, PanterA, Smashdaddy, Smashdaddy, Smashdaddy, Salt, Zamorita, Zamorita, SuperCuak, Kürv, Blues Clues, ycz6, Quaff, Kürv, Kürv, Kürv",
Professor Pro,0-0,0-1,0-0,0-0,0-0,0-0,0-0,0-0,0-0,0-0,0-0,0-0,0-1,0-0,0-0,3-1,0-0,0-0,0-0,0-0,0-0,0-0,0-0,0-0,N/A,0-0,0-0,0-0,0-0,0-1,0-0,1-0,0-0,0-0,3-3,0-0,0-0,0-0,0-0,0-0,0-0,0-0,0-0,0-0,0-0,0-0,0-0,0-0,6-9,0-0,2-0,0-0,1-0,0-0,0-0,0-0,0-0,0-0,0-0,0-0,0-0,0-0,1-0,0-0,0-0,0-0,0-0,0-0,3-0,0-0,0-0,0-0,0-0,0-0,0-0,0-0,0-0,0-0,0-0,0-0,0-0,0-6,0-0,0-0,0-0,0-0,0-0,0-0,0-0,0-0,0-0,0-0,0-0,0-0,0-0,"Solobattle, Renzo, Kingu, Kins0, max, R23",
2saint,1-1,0-0,0-0,1-1,0-2,0-1,0-0,0-1,0-2,0-0,4-0,0-0,0-2,0-2,2-1,0-0,0-0,0-0,0-2,0-0,1-0,0-0,0-0,0-0,0-0,N/A,1-0,2-1,0-0,0-0,0-0,0-0,0-0,1-0,0-0,2-0,1-1,1-0,1-0,0-0,0-0,0-0,0-0,2-1,0-0,1-0,0-0,0-0,0-0,2-1,0-0,0-1,0-0,1-0,0-0,0-0,0-0,1-4,0-0,0-1,3-0,0-1,0-0,0-0,0-0,0-0,0-0,0-0,0-0,0-2,1-0,1-0,0-1,0-0,2-2,0-0,2-0,0-0,0-0,0-0,1-0,0-0,0-0,1-0,0-0,2-0,0-0,0-0,0-2,0-0,0-0,1-0,0-0,1-0,1-1,"Hax$, Eddy Mexico, TheRealThing, TheRealThing, Lotfy, Just Jason, FatGoku, Bbatts",
Gahtzu,1-1,0-0,0-0,1-0,0-0,0-1,0-1,0-1,0-1,0-0,1-1,0-0,1-2,0-1,3-0,0-0,1-0,2-1,4-3,0-0,1-1,0-0,0-0,1-0,0-0,0-1,N/A,1-0,0-0,0-2,0-0,1-1,4-1,0-1,0-0,0-0,5-14,1-2,1-0,1-0,0-0,1-1,0-0,2-5,0-0,1-0,0-0,0-0,0-0,12-4,0-0,0-1,2-1,1-0,0-0,1-0,0-0,2-3,0-0,10-2,1-0,0-0,0-0,3-0,1-0,0-1,1-0,0-0,0-0,5-2,0-1,3-0,0-0,0-0,2-1,2-0,1-0,4-0,0-0,0-0,5-0,0-0,0-0,1-1,0-0,0-0,0-0,0-3,2-1,0-0,0-0,0-0,0-0,4-0,3-0,"Hax$, Hax$, mvlvchi, Azel, Joyboy, Wicked_, Soonsay, CPU0, Nanami (aka PurpleZ), Unsure, Jank, Kata, Grab",
Albert,1-1,0-0,0-0,1-0,0-0,0-0,0-0,0-0,0-2,0-0,1-1,1-0,0-3,0-0,0-1,0-0,0-2,0-1,0-0,0-0,0-0,0-0,0-0,0-0,0-0,1-2,0-1,N/A,0-0,0-0,0-0,0-0,1-0,0-0,0-0,0-0,1-0,0-0,1-1,0-0,0-0,0-0,0-0,0-0,0-0,0-0,0-0,0-0,1-0,2-0,0-0,0-0,0-0,0-0,0-0,0-0,0-0,0-1,1-0,1-2,0-0,0-0,0-0,0-1,1-0,0-0,0-0,0-0,0-0,0-0,0-0,1-0,1-0,0-0,0-1,0-0,0-0,0-0,0-0,0-1,1-0,0-0,0-0,0-1,1-0,1-0,0-0,0-0,0-0,0-0,0-0,0-0,0-0,0-0,0-0,,
Rishi,0-1,0-0,0-0,0-1,0-0,0-0,0-0,0-0,0-0,0-0,0-0,0-0,0-0,0-0,0-0,0-0,0-0,1-0,0-0,0-0,0-1,0-0,0-0,0-0,0-0,0-0,0-0,0-0,N/A,0-0,0-0,0-0,0-0,0-0,0-0,0-0,0-0,0-0,0-0,0-0,0-0,1-1,1-0,0-0,0-0,0-0,0-0,0-0,0-0,0-0,0-0,0-0,1-0,1-0,0-0,0-0,0-0,0-3,0-0,0-0,2-0,0-0,0-0,0-0,0-0,0-0,0-0,0-0,0-0,1-0,0-0,0-0,0-0,1-0,0-0,0-0,0-0,0-0,0-0,0-0,0-0,0-0,0-0,0-0,0-0,0-0,0-0,0-0,0-0,0-0,0-0,0-0,1-0,0-0,0-0,"Hax$, WillieSchmillieBoyMan, Younger, TPN",
Magi,0-3,0-1,0-0,0-0,1-1,0-0,0-0,0-0,0-0,0-0,0-2,0-0,3-0,0-0,0-3,0-0,0-1,1-0,1-3,0-0,0-0,0-0,0-0,0-1,1-0,0-0,2-0,0-0,0-0,N/A,0-0,1-2,0-0,0-0,0-0,0-0,0-0,0-1,1-0,0-0,0-0,0-3,0-0,0-3,0-0,0-0,0-0,0-0,0-0,1-0,0-0,1-0,0-0,0-1,0-0,1-0,0-0,1-0,0-0,2-1,0-0,0-0,0-0,1-0,0-0,0-0,0-0,0-0,0-0,0-0,0-1,0-0,0-0,1-0,0-1,0-0,1-0,0-0,2-1,0-0,2-0,1-0,0-0,0-0,0-0,1-0,1-0,1-0,0-0,0-0,0-0,0-0,0-0,0-1,0-0,"Faust, Kuyashi",
Morsecode762,0-0,0-0,0-0,0-0,0-0,0-0,0-0,0-0,0-0,0-0,0-0,0-0,0-0,0-0,0-0,0-0,0-0,0-0,0-3,0-0,0-0,0-0,0-0,0-0,0-0,0-0,0-0,0-0,0-0,0-0,N/A,1-0,0-1,0-0,0-0,0-0,0-0,0-0,0-0,0-0,0-0,0-1,0-0,0-0,0-0,0-0,0-0,0-0,0-0,0-0,0-0,0-0,0-0,0-0,0-0,0-0,0-0,0-0,0-0,0-0,0-0,0-0,0-0,0-0,0-0,1-0,0-0,0-0,0-0,2-1,0-0,0-0,0-0,0-0,0-0,0-0,1-0,0-1,0-0,0-0,0-0,0-0,0-0,0-0,0-0,0-0,1-0,1-0,0-0,0-0,0-0,1-1,0-0,0-0,0-0,"Bbatts, Kuyashi, Kuyashi, Suezo, Zion, Zion, Excel Zero, Travioli",
Zamu,0-2,0-0,0-0,0-1,0-0,0-1,0-0,0-0,0-0,0-0,0-1,0-0,1-2,0-0,0-2,0-0,0-0,0-1,0-2,0-0,0-1,0-0,0-0,0-0,0-1,0-0,1-1,0-0,0-0,2-1,0-1,N/A,1-0,3-0,0-0,0-0,1-0,0-1,1-0,0-0,0-0,3-2,0-0,0-1,0-2,3-0,0-0,0-0,0-0,1-4,0-0,1-0,2-0,1-2,0-0,1-0,0-0,1-4,0-0,2-4,0-0,0-0,0-0,1-1,1-0,1-0,0-0,0-0,0-0,4-0,0-0,0-0,1-0,0-0,1-2,2-1,3-0,1-0,0-0,0-0,0-1,0-0,0-1,0-0,0-0,0-1,4-0,1-0,0-0,0-0,1-0,1-1,1-0,2-2,2-1,"Smashdaddy, Joey Donuts, Reeve, Reeve, Eddy Mexico, Eddy Mexico, ARMY, Zeeker, Goosekhan, DarkHero, OG Swaglord, Travioli, Salt, Shmeeli, MT, SnooSnoo, Jamrun, Bbatts",
Drephen,0-0,0-0,0-0,0-0,0-0,0-0,0-0,0-0,1-0,0-0,0-0,0-0,0-0,0-1,0-0,0-0,0-0,0-1,3-14,0-0,1-1,0-2,0-0,0-0,0-0,0-0,1-4,0-1,0-0,0-0,1-0,0-1,N/A,0-0,0-0,0-0,0-2,0-0,1-0,0-0,0-0,0-1,0-0,0-1,0-0,0-1,0-0,0-0,0-0,8-6,0-0,0-0,0-0,3-0,0-0,0-0,0-0,0-2,0-0,5-2,1-0,0-0,0-0,1-0,0-0,0-0,0-0,0-0,0-0,6-0,0-1,3-3,0-0,0-0,0-1,0-0,0-0,2-0,0-0,0-0,4-0,0-0,1-0,1-2,0-0,0-1,4-1,2-0,3-1,0-0,1-0,0-0,1-1,0-4,1-1,"htwa, Komodo, htwa, LuigigoShard, Elliot, Joyboy, Neologism, Dawson, HELLA, Komodo, JSalt, essy, essy, Balloon Day, Balloon Day, Balloon Day, Balloon Day, Balloon Day, Gainz, FatGoku, Hax$, rabit!",
Michael,0-0,0-0,0-0,0-0,0-0,0-0,0-0,0-0,0-0,0-0,0-0,0-0,0-0,0-0,0-0,0-0,0-0,0-1,0-0,0-0,0-0,0-0,0-0,0-0,0-0,0-1,1-0,0-0,0-0,0-0,0-0,0-3,0-0,N/A,0-0,0-0,0-1,0-0,0-0,0-0,0-0,0-2,0-0,0-0,0-0,0-0,0-0,0-0,0-0,0-2,0-0,0-0,0-0,0-1,11-0,1-0,0-0,0-2,0-0,0-3,1-0,0-0,0-0,0-0,0-0,1-0,0-0,0-0,0-0,0-1,0-0,0-0,0-0,0-0,0-0,5-0,1-0,8-0,0-0,0-0,0-0,0-0,0-0,0-0,0-0,0-0,18-27,3-1,0-0,0-0,0-0,0-0,0-1,0-0,0-0,"Voo, Blue, bambi, FMB5k, Ober, Unsure, essy, Ober, Ober, Smashdaddy, Smashdaddy, Ober, Unsure, The Leaf, Unsure, ORLY, ORLY, Ober",
Ice,0-0,0-1,0-0,0-0,0-0,0-0,0-0,0-1,0-0,0-0,0-0,0-0,0-0,0-0,0-0,0-3,0-0,0-0,0-1,0-0,0-0,0-0,0-0,0-0,3-3,0-0,0-0,0-0,0-0,0-0,0-0,0-0,0-0,0-0,N/A,0-0,0-0,0-0,0-0,0-0,0-0,0-1,0-0,0-0,0-0,0-0,0-0,0-0,1-6,0-0,2-0,0-0,0-0,0-0,0-0,0-0,0-0,1-0,0-0,0-0,0-0,0-0,0-0,0-0,0-0,0-0,0-0,0-0,2-0,0-0,0-0,0-0,0-0,0-0,0-0,0-0,0-0,0-0,0-0,0-0,0-0,2-6,0-0,0-0,0-0,0-0,0-0,0-0,0-0,0-0,0-0,0-0,0-0,0-0,0-0,"MINT, Solobattle",
billybopeep,0-0,0-0,0-0,1-0,0-0,0-0,0-0,0-1,0-0,0-0,0-0,0-0,0-0,0-0,0-0,0-0,0-1,0-0,0-0,0-0,0-0,0-0,1-0,0-1,0-0,0-2,0-0,0-0,0-0,0-0,0-0,0-0,0-0,0-0,0-0,N/A,0-0,0-0,0-0,0-0,0-0,0-0,0-1,0-0,0-0,0-0,0-0,0-0,0-0,0-0,0-0,0-0,0-0,0-0,0-0,0-0,0-0,0-0,0-0,0-0,0-0,0-0,0-0,0-0,0-0,0-0,0-0,0-0,0-0,0-0,0-0,0-0,0-0,0-0,0-0,0-0,0-0,0-0,0-0,0-0,0-0,0-0,0-0,1-1,0-0,0-0,0-0,0-0,0-0,0-0,0-0,0-0,0-0,0-0,0-0,mvlvchi,
Colbol,0-2,0-0,0-0,0-0,0-1,0-1,0-0,0-0,0-1,0-0,0-0,1-0,0-0,0-0,1-0,0-0,0-0,0-0,0-1,1-0,0-0,0-0,0-0,0-0,0-0,1-1,14-5,0-1,0-0,0-0,0-0,0-1,2-0,1-0,0-0,0-0,N/A,0-0,0-0,0-0,1-0,0-1,0-0,0-0,0-0,0-0,0-0,0-0,0-0,2-1,0-0,0-0,2-1,1-0,0-0,0-0,0-0,0-3,0-0,6-1,2-0,0-0,1-0,0-0,0-1,0-0,0-0,0-0,0-0,2-0,0-0,0-0,0-0,0-0,1-3,0-0,0-0,0-0,0-0,0-0,1-0,0-1,0-0,0-0,0-0,1-3,0-0,0-0,1-0,0-0,0-0,0-0,1-0,0-0,0-3,"DontTestMe, htwa, MT, Fank, SDeems, Forrest, DontTestMe, DontTestMe, Komodo",
Kalamazhu,0-1,0-0,1-0,0-0,0-0,0-1,0-1,0-0,0-0,0-0,0-2,0-0,0-0,1-0,0-0,0-0,0-2,0-1,0-0,0-0,0-0,0-0,0-0,0-0,0-0,0-1,2-1,0-0,0-0,1-0,0-0,1-0,0-0,0-0,0-0,0-0,0-0,N/A,1-0,0-0,0-0,0-0,1-0,0-1,0-0,0-0,0-0,0-0,0-0,0-0,0-0,1-0,0-0,0-0,0-0,0-0,0-0,1-0,0-0,2-0,0-0,0-0,0-0,0-0,0-1,0-0,1-0,0-0,0-0,0-1,0-1,0-0,0-0,0-0,0-0,0-0,0-0,0-0,0-0,0-0,0-0,0-0,0-0,0-0,0-0,0-0,0-0,0-0,0-0,0-0,0-0,0-0,0-0,0-0,0-0,"Eddy Mexico, Whiskers, Hax$",
Aura,0-0,0-0,0-0,1-0,0-1,0-0,0-0,0-0,0-0,0-1,0-2,0-0,0-2,0-0,0-0,0-0,0-0,0-0,0-0,0-0,0-1,0-0,0-0,0-1,0-0,0-1,0-1,1-1,0-0,0-1,0-0,0-1,0-1,0-0,0-0,0-0,0-0,0-1,N/A,0-0,0-0,0-0,0-0,3-5,0-0,0-0,1-1,0-0,0-1,1-3,0-0,0-2,0-1,0-0,0-0,0-0,0-0,0-1,1-0,0-0,1-0,0-0,0-0,0-0,0-2,0-0,0-0,0-0,0-0,0-3,0-0,0-0,0-0,2-2,1-3,0-0,0-0,0-4,0-0,0-0,1-7,0-0,1-0,2-0,0-0,0-0,0-0,2-1,0-0,0-0,0-0,0-0,1-0,0-0,0-0,"Koobie, Koobie, Suezo, Zab, Sawyer, Chamberlin, Dawson, DannyPhantom, Fank, Jochi, Jamrun, Tap Jump, Vish, Hochpoch, cashRAXX, Epic Murloc, Trail, Scrotie, Bl@ckchris, Epoodle, Kanye Rest, K8A, Shamunt, Trail, Bbatts, Suezo, Azel, Eddy Mexico, Dusk, The Wolverine, Buttlet, DMT, DMT, FrenchToast, Chipotle+, Becca, GoDiegoGo, Rodney, JorDank, aujory, Zen, Blues Clues, Rocket, Panos, The Leaf, Younger, TPN, Epoodle, yingling, Yeti, Krispy, Sooth, Lotfy, JackedPuffGuy, Equilateral, Den, Koobie, Professor Pizza, FeelinGood, FeelinGood, NSFrog, Blea Gelo, Prometheus, Panos, 4Sabo, fenceturtle, Bigbuffalo, Drio, Sp1nda, YokaiNels, rabit!, Mono, Koobie, Jada, Jada, Mud, Bojack, Salt, Mr. Nice Guy, Dirty Lasagna, Kuyashi, Salt, Pineapple, Captain Pretzel, Freezus, YeehawDaniels, FatGoku, FatGoku, FatGoku, FatGoku, Nickemwit, FatGoku, FatGoku, FatGoku, FatGoku, FatGoku, FatGoku, Stiv, Stiv, Stiv, FatGoku, FatGoku, FatGoku, FatGoku, Snap, TreyTheTrashman, Elysian, Tarchwood, FatGoku, Amrak, NoFuxGiven, Quaff, Kürv, htwa, Fank, Trail, Unoriginal, Bbatts, PenisTheWanderer, OtES, Bbatts, Abe, Joe(y) Bats, Casual, Bobby Twofist, Bbatts, Epoodle, Schnurb, Crow, Chi, Dawson, Koints, Cow, I'm Michael BTW, Steoh, Question, Sodabro, tiebex, Becca, Charlie Wu, Lumbre, Mad Tyro, Pi#374, Bbatts, Phoenix, Arpy, Aero, Archi, PanterA, Oreo, SuperCuak, ZouL, Fable, LLDL, Justin Joe, OtES, Sneakywill, g-regulate, Dirt, Maelstrom, GoDiegoGo, Solomon, Ampp, Ch0pper, Epoodle, DD, Zab, Hua 桃花公主, KoopaKev, Crow, Lotfy, CeeLew, JSalt, CeeLew, PBJA, Drio, Wolven, Ghostsoap, Suezo, Jank, Burning Cactus",
nut,0-0,0-0,0-0,0-0,0-0,0-0,0-0,0-0,0-0,0-0,0-1,1-5,0-0,0-0,0-1,0-0,0-0,0-0,0-0,0-0,0-0,0-0,0-0,0-0,0-0,0-0,0-1,0-0,0-0,0-0,0-0,0-0,0-0,0-0,0-0,0-0,0-0,0-0,0-0,N/A,0-0,0-0,0-0,0-0,0-0,0-0,0-0,0-0,0-0,0-0,0-0,0-0,0-0,0-0,0-0,0-0,0-1,0-0,2-4,0-0,0-0,0-0,0-0,0-0,0-0,0-0,0-0,0-0,0-0,0-0,0-0,0-0,0-0,0-0,0-0,0-0,0-0,0-0,2-3,0-0,0-0,0-0,1-0,0-1,0-1,0-0,0-0,0-0,0-0,0-0,0-0,0-0,0-0,0-0,0-0,"Raikin, FatGoku, Anjo, Elder, Casper, Asashi, Westballz, Rat, MegaXmas, MegaXmas, Casper, Kürv, Casper, cliché, Ranchero, Eddy Mexico, Franz, rom, rom, MegaXmas, Gooms, MegaXmas, Kürv, Bab Activated, lucky_dude_1, Wevans",
Kalvar,0-0,0-0,0-0,0-0,0-0,0-0,0-0,0-0,0-1,0-0,0-0,0-0,0-0,0-0,0-0,0-0,0-0,0-0,0-0,0-0,0-0,0-0,0-0,0-0,0-0,0-0,0-0,0-0,0-0,0-0,0-0,0-0,0-0,0-0,0-0,0-0,0-1,0-0,0-0,0-0,N/A,0-0,0-0,0-0,0-0,0-0,0-0,0-0,0-0,0-0,0-0,0-0,0-0,1-0,1-0,0-0,0-0,0-1,0-0,0-3,0-0,0-0,0-0,0-0,0-0,0-1,0-0,0-0,0-0,0-2,0-0,0-0,0-0,1-0,0-0,0-1,2-1,1-2,0-0,0-0,0-0,0-0,0-0,0-1,0-0,0-0,1-0,0-0,0-0,0-0,0-0,1-3,2-0,0-0,0-1,"Dawson, Jamrun, Seven, Bbatts, Zeeker, Duo, DrewNG, TzD, Intern, Dixon B. Tweenerlegs, Prometheus, sunriseXpress, Bigbuffalo, htwa, Dom, Sandy, CmG, DrLobster, Bank, Clutch, Clutch, JoJo, Kikoho, JSalt, grownworkingman, Penn, Hunybear, CmG, Lotfy, DrLobster",
Polish,2-0,0-0,0-0,1-0,0-1,0-1,0-0,0-0,1-2,0-0,0-0,0-0,0-0,0-1,1-1,1-0,0-0,1-1,1-3,1-0,7-1,0-0,0-0,0-0,0-0,0-0,1-1,0-0,1-1,3-0,1-0,2-3,1-0,2-0,1-0,0-0,1-0,0-0,0-0,0-0,0-0,N/A,0-0,2-1,2-1,0-0,0-0,0-0,0-0,2-0,1-0,0-1,0-1,3-0,0-0,1-0,0-0,1-2,0-0,3-2,1-0,0-0,1-0,1-0,0-0,0-0,0-0,0-0,0-0,0-0,0-1,2-0,0-0,1-0,0-0,0-0,0-0,0-0,0-0,0-0,0-0,1-1,0-0,0-0,0-0,0-0,1-0,0-0,0-0,0-0,0-0,3-0,0-0,0-0,0-0,"FatGoku, TheRealThing, Erik, Jada",
Tai,0-0,0-0,0-0,0-0,0-0,0-0,0-0,0-0,0-0,0-0,0-0,0-1,0-1,0-0,0-0,0-0,0-0,0-0,0-0,0-0,0-0,0-0,0-0,0-0,0-0,0-0,0-0,0-0,0-1,0-0,0-0,0-0,0-0,0-0,0-0,1-0,0-0,0-1,0-0,0-0,0-0,0-0,N/A,0-0,0-0,0-0,0-0,0-0,0-0,1-0,0-0,0-0,0-0,0-0,0-0,0-0,0-0,0-0,0-0,0-1,0-0,0-0,0-0,0-0,0-0,0-0,0-0,0-0,0-0,0-0,0-0,0-0,0-0,0-0,0-0,1-0,0-0,0-0,0-1,0-0,0-0,0-0,0-2,0-1,0-0,0-0,0-0,0-0,0-0,0-0,0-0,0-0,0-0,0-0,0-0,"Fizzwiggle, Soonsay",
KoDoRiN,1-4,0-0,0-2,0-3,0-2,0-2,0-0,0-2,1-2,1-0,4-7,5-2,6-6,1-0,3-4,0-0,0-4,10-5,7-3,0-0,0-1,0-0,0-0,2-0,0-0,1-2,5-2,0-0,0-0,3-0,0-0,1-0,1-0,0-0,0-0,0-0,0-0,1-0,5-3,0-0,0-0,1-2,0-0,N/A,0-1,0-0,0-0,0-0,0-0,8-4,0-0,3-0,2-1,0-0,0-0,0-0,1-0,1-1,8-3,10-2,0-0,0-0,0-0,0-0,1-0,0-0,1-1,0-0,1-0,2-1,0-0,0-0,1-0,0-0,1-1,0-0,1-0,0-0,6-1,1-0,4-2,0-0,0-1,8-0,0-0,3-0,1-0,0-0,0-1,0-0,0-1,1-1,2-0,0-0,0-0,"Hax$, The Crimson Chin, ycz6, Soonsay, Yamasaki, Easy, SquidTheCat, Soonsay, Soonsay, ESPONJA, Neck, Egg$, ycz6, Logos, LAG, Redcoat, Buckets, Oreo",
Free Palestine,0-1,0-0,0-1,0-0,0-0,0-0,0-1,0-0,0-0,0-0,0-0,0-0,0-3,0-0,0-0,0-0,0-0,0-0,0-0,0-0,0-0,0-1,0-0,0-0,0-0,0-0,0-0,0-0,0-0,0-0,0-0,2-0,0-0,0-0,0-0,0-0,0-0,0-0,0-0,0-0,0-0,1-2,0-0,1-0,N/A,0-0,0-0,0-0,0-0,0-0,0-0,0-0,0-0,0-0,0-0,0-0,0-0,0-0,0-0,0-0,0-0,0-0,0-0,0-1,0-0,1-0,0-0,0-0,0-0,0-0,0-0,0-1,0-0,0-0,0-0,0-0,1-0,0-0,0-0,0-0,0-0,0-1,0-0,0-0,0-0,0-0,0-1,0-0,0-0,0-0,0-0,0-0,0-0,0-0,0-0,,
Ryobeat,0-0,0-0,0-0,0-0,0-0,0-1,0-0,0-0,0-0,0-0,0-1,0-0,0-0,0-0,0-0,0-0,0-0,0-0,0-3,0-0,0-0,0-0,0-0,0-0,0-0,0-1,0-1,0-0,0-0,0-0,0-0,0-3,1-0,0-0,0-0,0-0,0-0,0-0,0-0,0-0,0-0,0-0,0-0,0-0,0-0,N/A,0-0,0-0,0-0,1-1,0-0,0-0,0-0,1-2,0-0,0-0,0-0,0-0,0-0,0-1,1-0,0-0,0-0,0-0,0-0,0-0,0-0,0-0,0-0,0-0,0-0,0-0,0-0,0-0,0-2,0-0,0-1,0-0,0-0,0-0,0-0,0-0,0-0,0-0,0-0,0-0,0-1,1-0,0-0,0-0,1-0,2-2,0-1,0-0,0-0,"JSalt, MT, JoJo",
Luigi Ka-Master,0-1,0-0,0-0,0-0,0-0,0-0,0-0,0-0,0-0,0-0,0-0,0-1,0-0,0-0,0-0,0-0,0-0,0-0,0-0,0-0,0-0,0-0,0-0,0-0,0-0,0-0,0-0,0-0,0-0,0-0,0-0,0-0,0-0,0-0,0-0,0-0,0-0,0-0,1-1,0-0,0-0,0-0,0-0,0-0,0-0,0-0,N/A,0-0,0-0,0-0,0-1,0-0,0-0,0-0,0-0,0-0,0-0,0-0,0-0,0-0,0-0,0-0,0-0,0-0,0-0,0-0,0-0,0-0,0-0,0-0,0-0,0-0,0-0,0-0,0-0,0-0,0-0,0-0,0-0,0-0,0-0,0-0,0-0,0-0,0-0,0-0,0-0,0-0,0-0,0-1,0-0,0-0,0-0,0-0,0-0,"Azel, ycz6, Stiv, Bladewise, FatGoku, Pocket Sand",
Kurv,0-0,0-0,0-0,0-0,0-0,0-0,0-0,0-0,0-0,0-0,0-0,0-0,0-0,0-0,0-0,0-0,0-0,0-0,0-0,0-0,0-0,0-0,0-0,0-0,0-0,0-0,0-0,0-0,0-0,0-0,0-0,0-0,0-0,0-0,0-0,0-0,0-0,0-0,0-0,0-0,0-0,0-0,0-0,0-0,0-0,0-0,0-0,N/A,0-0,0-0,0-0,0-0,0-0,0-0,0-0,0-0,0-0,0-0,0-0,0-0,0-0,0-0,0-0,0-0,0-0,0-0,0-0,0-0,0-0,0-0,0-0,0-0,0-0,0-0,0-0,0-0,0-0,0-0,0-0,0-0,0-0,0-0,0-0,0-0,0-0,0-0,0-0,0-0,0-0,0-0,0-0,0-0,0-0,0-0,0-0,,
Frenzy,0-0,1-4,0-0,0-0,0-1,0-0,0-0,0-0,0-0,0-1,0-0,0-0,0-0,0-0,0-0,2-8,0-0,0-0,0-0,0-0,0-0,0-0,0-0,0-0,9-6,0-0,0-0,0-1,0-0,0-0,0-0,0-0,0-0,0-0,6-1,0-0,0-0,0-0,1-0,0-0,0-0,0-0,0-0,0-0,0-0,0-0,0-0,0-0,N/A,0-0,1-3,0-0,2-0,0-0,0-0,1-0,0-0,0-0,0-0,0-0,0-0,0-0,0-0,0-0,0-0,0-0,0-0,0-0,3-1,0-0,1-0,0-0,0-0,0-0,0-0,0-0,0-0,0-0,0-0,0-0,0-0,3-7,0-0,0-0,0-0,0-0,0-0,0-0,0-0,0-0,0-0,0-0,0-0,0-0,0-0,"Kingu, Kins0, Solobattle, Solobattle, MINT, MINT, Prins Esse, Meady, Nintendude, Solobattle, Sharp, abbearv, Solobattle, Kins0, Meady, raoul, Solobattle, Niklas2912, Meady, Meady, Solobattle, Solobattle, Levingy, Solobattle",
bobby big ballz,0-8,0-0,0-0,2-2,0-0,1-1,0-0,0-0,0-0,0-0,2-18,0-1,5-7,0-2,0-6,0-0,0-0,8-10,5-14,0-0,1-1,0-0,1-1,6-6,0-0,1-2,4-12,0-2,0-0,0-1,0-0,4-1,6-8,2-0,0-0,0-0,1-2,0-0,3-1,0-0,0-0,0-2,0-1,4-8,0-0,1-1,0-0,0-0,0-0,N/A,0-0,8-5,3-0,0-1,0-0,0-0,0-0,6-16,1-0,13-8,5-3,0-0,0-0,5-1,4-2,3-0,1-0,0-0,0-0,16-4,2-1,2-0,5-0,3-0,0-4,0-0,3-0,3-5,0-1,2-1,11-17,0-0,0-0,13-9,0-0,6-7,1-1,1-2,0-1,0-0,0-0,0-0,3-0,1-1,3-3,"Blassy, Dova, Akir, Neologism, aCID, prof, JHTL, Iron, yingling, Unsure, Hax$, Quaff, Axon, DontTestMe, SpacePigeon, Vish, Midnight Blue, Eddy Mexico, JSalt, Golden, Wevans, Syrox, Quaff, Quaff, Umarth, DarkHero, Townes, DarkHero, OkayP., DarkHero, Kürv, Eddy Mexico, Soonsay, Amrak, Soonsay, Egg$, Dream, Iifter, Steech, Kürv, Ivayne, Kürv, Kürv, Floppy, Yamasaki, Blues Clues, Chango, Joey Donuts, Faust, Westballz, Neologism, Zeeker, Faust, Golden, DontRestMe, Hax$, Hax$, Kata, soccermom69, Typhoon, Typhoon, Kürv, LAG, Eddy Mexico, Salt, Cilan, Quaff, Quaff, MOF, MOF, CmG, Bbatts, Wevans, Jank, Blues Clues, OkayP., htwa, Just Jason, htwa, Komodo, Typhoon, Husband, Kapachi, htwa, Zeeker, Dawson, Knut, Kata, JJM, Bbatts, Neologism, Dova, Stiv, Eddy Mexico, Eddy Mexico, Smashdaddy, PanterA, Smashdaddy, Forrest, Eddy Mexico, INDY, HaxMoneyHulkHogan, Salt, Salt, mintea, Eddy Mexico, Eddy Mexico, DD, Eddy Mexico, Iifter, Matteo, Missinglinc, Fury, Smashdaddy, mintea, William, Brand0, Dawson, JSalt, Pilot, Umbr, Jo3dirt, Ivayne, Husband, Bananas, Koobie, JSalt, Neologism, Forrest, Forrest, Phantom Airline, Pancakes",
Nicki,0-1,0-4,0-0,0-0,0-0,0-0,0-0,0-0,0-0,0-0,0-0,1-0,0-0,0-0,0-0,0-3,0-0,0-0,0-0,0-0,0-0,0-0,0-0,0-0,0-2,0-0,0-0,0-0,0-0,0-0,0-0,0-0,0-0,0-0,0-2,0-0,0-0,0-0,0-0,0-0,0-0,0-1,0-0,0-0,0-0,0-0,1-0,0-0,3-1,0-0,N/A,0-0,0-0,0-0,0-0,0-0,0-0,0-0,0-0,0-0,0-0,0-0,0-0,0-0,0-0,0-0,0-0,0-0,1-0,0-0,0-0,0-0,0-0,0-0,0-0,0-0,0-0,0-0,0-0,0-0,0-0,1-4,0-0,0-0,0-0,0-0,0-0,0-0,0-0,0-1,0-0,0-0,0-0,0-0,0-0,"MINT, MINT, Solobattle, Mahie, Charon, Kins0",
Rocky,0-1,0-0,0-0,0-0,0-1,0-0,0-0,0-0,0-0,0-0,3-5,0-1,1-5,0-0,0-0,0-0,0-0,2-2,0-1,0-0,0-0,0-0,1-0,1-0,0-0,1-0,1-0,0-0,0-0,0-1,0-0,0-1,0-0,0-0,0-0,0-0,0-0,0-1,2-0,0-0,0-0,1-0,0-0,0-3,0-0,0-0,0-0,0-0,0-0,5-8,0-0,N/A,1-0,0-0,0-0,1-0,0-0,0-0,2-0,1-1,0-0,0-0,0-0,1-0,2-1,0-0,0-0,0-0,0-0,1-1,0-0,0-0,1-0,0-0,1-1,0-0,0-0,0-0,0-0,0-0,5-0,0-0,0-0,0-0,1-0,1-0,0-0,1-0,0-0,0-0,0-0,0-0,0-0,2-0,1-0,"MT, Blues Clues, Salt, KoopaTroopa895, Quaff, Quaff",
Panda,0-3,0-0,0-0,0-0,0-0,0-0,0-0,0-0,0-1,0-0,0-1,0-1,0-0,0-0,1-1,0-0,0-0,0-0,0-2,0-1,0-1,0-0,1-0,1-0,0-1,0-0,1-2,0-0,0-1,0-0,0-0,0-2,0-0,0-0,0-0,0-0,1-2,0-0,1-0,0-0,0-0,1-0,0-0,1-2,0-0,0-0,0-0,0-0,0-2,0-3,0-0,0-1,N/A,1-0,1-0,4-0,0-0,0-3,0-0,4-1,0-2,0-0,0-0,0-0,0-0,0-0,0-0,0-0,2-0,1-1,0-0,0-0,1-0,4-0,0-1,0-0,2-1,3-1,0-0,0-1,0-2,0-0,0-0,0-0,0-0,0-0,0-0,1-1,0-1,0-0,0-0,0-0,0-0,0-0,4-1,"Kuyashi, Fank, Neologism, tiebex, Siddward, Ahmad, Bbatts, Panos, Lotfy, Younger, Louis, macdaddy69, Dragoid, Westballz, prof, dalbull, Anwarrior, Unsure, Kadence, phoenix, Forrest, Oaty, Kata, Komodo, Forrest, Captain G, htwa, Kata, The Leaf, Kata, Kata, E-tie, Lotfy, Komodo",
TheSWOOPER,0-0,0-0,0-0,0-0,0-1,0-0,0-0,0-0,1-0,0-0,0-1,0-0,0-0,0-0,0-1,0-0,0-0,0-1,0-2,0-0,0-0,0-1,1-0,0-0,0-0,0-1,0-1,0-0,0-1,1-0,0-0,2-1,0-3,1-0,0-0,0-0,0-1,0-0,0-0,0-0,0-1,0-3,0-0,0-0,0-0,2-1,0-0,0-0,0-0,1-0,0-0,0-0,0-1,N/A,0-0,0-0,0-0,0-4,0-0,3-4,0-0,0-2,0-0,0-0,0-0,0-1,0-0,0-0,0-0,0-9,0-0,0-0,0-0,0-0,0-2,0-0,2-8,0-1,0-0,0-0,1-1,0-0,0-0,0-0,0-0,0-0,1-0,1-0,0-0,0-0,0-0,4-1,5-3,0-0,0-2,"The Leaf, Just Jason, Kürv, Whiskers, JoJo, JoJo, JSalt, JSalt, Salt, Dawson, JSalt, Salt, Swedish Delight, DrLobster, DrLobster",
Fizz,0-0,0-0,0-0,0-0,0-0,0-0,0-0,0-0,0-0,0-0,0-0,0-0,0-0,0-0,0-1,0-0,0-0,0-0,0-0,0-0,0-0,0-0,0-0,0-0,0-0,0-0,0-0,0-0,0-0,0-0,0-0,0-0,0-0,0-11,0-0,0-0,0-0,0-0,0-0,0-0,0-1,0-0,0-0,0-0,0-0,0-0,0-0,0-0,0-0,0-0,0-0,0-0,0-1,0-0,N/A,0-0,0-0,0-1,0-0,0-1,0-1,0-0,0-0,0-0,0-0,0-2,0-0,0-0,0-0,0-1,0-0,0-0,0-0,0-1,0-0,0-0,0-1,0-1,0-0,0-0,0-0,0-0,0-0,0-0,0-0,0-0,0-6,0-2,0-0,0-0,0-0,0-1,0-1,0-0,0-0,"Rooster, techboy, Rockin, tomdollars, Azzu, ight, Zab, Russell, Mattchu, Jank, shoelegend88, JHTL, Ober, Joe(y) Bats, plush, Grab, Travioli, Jamrun, Suezo, Deadhand, Matwood, Gemini, Ober, Hyunnies, TPN, Younger, Dawson, Rahma Noodles, Dawson, Lotfy, Freezus, Ober, Knubs., K8A, Ben Snape, Larfen, Blendtec, Anwarrior, Tomatoman, shabo, Frost, yuk, Aero, JSP, Unsure, FoxCap, Blue, Pleeba, Forest, Anwarrior, Killablue, Seal, Blendtec, Aero, flatline, Larfen, Arpy, Hax$, Simon, Epoodle, Bbatts, Schnurb, Joey, bob, Mattchu, Kendrick, ORLY, Mattchu, Dz, GI0GOAT, Lowercase hero, Books, ORLY, Ryse, Arpy, squizzage, Grab2Win, lovestory4a, Aero, Tao, Kendrick, ORLY, Aero, ORLY, ORLY, Grab2Win, ORLY, Aero, Ober, Aero, ORLY, Unsure, Larfen, Arpy, Larfen, Ober, CmG",
Krudo,0-0,0-0,0-0,0-1,0-0,0-0,0-0,0-0,0-1,0-0,0-0,0-0,0-0,0-0,0-0,0-0,0-0,0-0,0-2,0-0,0-0,0-0,0-0,0-0,0-0,0-0,0-1,0-0,0-0,0-1,0-0,0-1,0-0,0-1,0-0,0-0,0-0,0-0,0-0,0-0,0-0,0-1,0-0,0-0,0-0,0-0,0-0,0-0,0-1,0-0,0-0,0-1,0-4,0-0,0-0,N/A,0-0,0-1,1-0,0-0,1-0,0-0,0-0,3-0,1-0,0-0,0-0,0-0,0-0,2-0,0-0,0-0,0-0,0-0,0-0,0-0,0-0,0-0,0-0,0-0,0-0,0-0,0-0,0-0,0-0,0-0,0-1,0-1,0-1,0-0,0-0,0-0,0-0,0-0,1-1,"Eddy Mexico, Suezo, Golden, Grab, Forrest, Kuya, Oaty, Profanity, Forrest, Forrest",
Sora/Joshman,0-0,0-0,0-0,1-0,0-0,0-1,0-0,0-0,0-0,0-0,0-0,0-2,0-1,0-0,0-0,0-1,0-1,0-0,1-0,0-0,0-0,0-0,0-0,0-0,0-0,0-0,0-0,0-0,0-0,0-0,0-0,0-0,0-0,0-0,0-0,0-0,0-0,0-0,0-0,1-0,0-0,0-0,0-0,0-1,0-0,0-0,0-0,0-0,0-0,0-0,0-0,0-0,0-0,0-0,0-0,0-0,N/A,0-0,0-0,1-0,0-0,0-0,0-0,0-0,0-0,0-0,0-0,0-0,0-0,0-0,0-1,0-0,0-0,0-0,0-0,0-0,0-0,0-0,2-0,0-0,0-0,0-0,0-0,0-0,0-0,0-0,0-0,0-0,0-0,7-0,0-1,0-0,0-0,0-0,0-0,"McCloud, Davox22",
Aklo,2-9,0-0,0-0,3-1,0-3,1-1,0-1,0-1,1-0,0-0,0-0,0-0,1-4,0-1,2-3,0-1,1-0,1-0,3-5,0-0,3-1,0-0,1-0,0-0,0-0,4-1,3-2,1-0,3-0,0-1,0-0,4-1,2-0,2-0,0-1,0-0,3-0,0-1,1-0,0-0,1-0,2-1,0-0,1-1,0-0,0-0,0-0,0-0,0-0,16-6,0-0,0-0,3-0,4-0,1-0,1-0,0-0,N/A,0-0,4-4,2-0,4-0,0-0,1-0,0-0,1-0,0-0,0-0,0-0,11-4,1-1,0-0,0-0,0-0,3-4,0-0,3-0,3-0,0-0,0-0,1-0,0-0,0-0,0-0,0-0,3-1,0-0,1-0,2-0,0-0,2-2,3-1,3-1,0-0,4-3,"Kata, Blea Gelo, grownworkingman, Bbatts, Jamrun, Younger, Hax$, Hax$, Grab, DontRestMe, Hax$, Lunar Dusk, Forrest, Kürv, Nathan, Sicca",
Android 0,0-0,0-0,0-0,0-1,0-0,0-0,0-0,0-0,0-0,0-0,0-3,2-6,0-0,0-0,0-0,0-0,0-1,1-3,0-0,0-0,0-0,0-0,1-0,0-0,0-0,0-0,0-0,0-1,0-0,0-0,0-0,0-0,0-0,0-0,0-0,0-0,0-0,0-0,0-1,4-2,0-0,0-0,0-0,3-8,0-0,0-0,0-0,0-0,0-0,0-1,0-0,0-2,0-0,0-0,0-0,0-1,0-0,0-0,N/A,0-0,0-0,0-0,0-0,0-0,0-0,0-0,0-0,0-0,0-0,0-0,0-0,0-0,0-0,0-0,0-0,0-0,0-0,0-0,6-5,0-0,0-1,0-0,1-0,0-1,1-0,0-0,0-0,0-0,0-0,1-0,0-0,0-0,0-0,0-0,0-0,"Eddy Mexico, ARMY, Squid, Westballz, Smashdaddy, MegaXmas, Asashi, Westballz, salami, Westballz, Kürv, Rei, Lengüitas, cliché, haunter, Casper, Kürv, Jace, MegaXmas, MegaXmas, Venelox, salami, Casper, rom, Santiago, Santiago, Owl, Kürv, Casper, Franz",
Ben,9-6,0-0,0-0,0-3,1-0,1-0,0-0,0-1,0-1,0-0,0-3,0-0,0-1,0-0,1-7,0-1,0-1,1-2,3-8,0-0,1-1,0-0,1-0,2-1,0-0,1-0,2-10,2-1,0-0,1-2,0-0,4-2,2-5,3-0,0-0,0-0,1-6,0-2,0-0,0-0,3-0,2-3,1-0,2-10,0-0,1-0,0-0,0-0,0-0,8-13,0-0,1-1,1-4,4-3,1-0,0-0,0-1,4-4,0-0,N/A,7-2,0-0,0-0,1-0,0-1,3-0,0-0,0-0,0-0,13-3,0-0,0-0,3-0,2-0,4-7,1-0,4-1,4-0,0-0,0-0,10-3,0-0,0-0,2-0,0-0,0-2,1-0,3-2,0-3,0-0,1-0,1-0,0-1,0-3,1-2,"Neologism, DannyPhantom, TheRealThing, prof, Blea Gelo, Hax$, Just Jason, Hax$, Akir, Dawson, Bbatts, DontTestMe, Eddy Mexico, Reeve, Eddy Mexico, Dimension, OkayP., Salt, Soonsay, K8A, Bbatts, FMB5k, JSalt, Ambisinister, Soonsay, DontRestMe, Komodo, JSalt, JSalt, Kata, shed ninja, GoodEnough, Koder, GoodEnough, Hax$, Lunar Dusk, MOM!, Preeminent, Preeminent, Preeminent, Trail, JSalt, Dimension, Dimension",
Bones,1-1,0-0,0-0,0-0,0-0,0-1,0-0,0-0,0-0,0-0,0-0,0-0,0-1,0-1,0-0,0-0,0-0,0-0,0-2,0-0,1-1,0-0,0-0,0-0,0-0,0-3,0-1,0-0,0-2,0-0,0-0,0-0,0-1,0-1,0-0,0-0,0-2,0-0,0-1,0-0,0-0,0-1,0-0,0-0,0-0,0-1,0-0,0-0,0-0,3-5,0-0,0-0,2-0,0-0,1-0,0-1,0-0,0-2,0-0,2-7,N/A,0-0,0-0,1-0,0-0,0-1,0-0,0-0,0-0,2-1,0-2,0-0,0-0,7-3,1-1,0-0,0-1,2-0,0-0,0-0,2-2,0-0,0-0,1-0,0-0,0-0,1-2,0-1,0-1,0-0,0-3,2-1,1-1,1-1,2-1,"TheRealThing, Fank, Kuyashi, Kuyashi, Neologism, Reeve, BZimm, Soonsay, Eddy Mexico, TheRealThing, Zuraco, TheRealThing, Bbatts, Forrest, mvlvchi, Seven, Dawson, Komodo, Neologism, 901|Austin, Kuyashi, Blues Clues, Mad Tyro, Reesch, Grab, Pleasantries, Zeeker, Zeeker, Den, Blea Gelo, Akir, Forrest, 404Cray, Grab, Captain G, sambob, Bbatts, JSalt, JSalt, Prometheus",
Captain Smuckers,0-0,0-0,0-0,0-0,0-0,0-0,0-0,0-0,0-0,0-0,0-0,0-0,0-0,0-0,0-0,0-0,0-0,0-0,0-0,0-0,0-0,0-0,0-0,0-0,0-0,1-0,0-0,0-0,0-0,0-0,0-0,0-0,0-0,0-0,0-0,0-0,0-0,0-0,0-0,0-0,0-0,0-0,0-0,0-0,0-0,0-0,0-0,0-0,0-0,0-0,0-0,0-0,0-0,2-0,0-0,0-0,0-0,0-4,0-0,0-0,0-0,N/A,0-0,0-0,0-0,0-0,0-0,0-0,0-0,0-6,0-1,0-0,0-0,0-0,0-0,0-0,0-0,0-0,0-0,0-0,0-0,0-0,0-0,0-0,0-0,0-0,0-0,0-0,0-0,0-0,0-1,1-1,1-2,0-1,0-0,"Dawson, Just Jason, YAMI, Kikoho, Dawson, Heartstrings, FLiiNcHy, FLiiNcHy, Heartstrings, JoJo, Whiskers, Ad, JoJo, K8A, Cannagar, Leighton, Just Jason, Brad, Brad, DVNO, YokaiNels, Just Jason",
Chape,0-0,0-0,0-0,0-0,0-0,0-0,0-0,0-0,0-0,0-0,0-0,0-0,0-0,0-0,0-0,0-0,0-0,0-0,0-0,1-0,0-0,0-0,0-0,0-0,0-1,0-0,0-0,0-0,0-0,0-0,0-0,0-0,0-0,0-0,0-0,0-0,0-1,0-0,0-0,0-0,0-0,0-1,0-0,0-0,0-0,0-0,0-0,0-0,0-0,0-0,0-0,0-0,0-0,0-0,0-0,0-0,0-0,0-0,0-0,0-0,0-0,0-0,N/A,0-0,0-0,0-0,0-0,0-0,0-0,0-0,0-0,0-0,0-0,0-0,0-0,0-0,0-0,0-0,0-0,0-0,0-0,0-1,0-0,0-0,0-0,0-0,0-0,0-0,0-0,0-0,0-0,0-0,0-0,0-0,0-0,"Komodo, Yeti, Kuya, Salt, Salt, Bbatts, Bbatts, Akir, Zab, Travioli, MOM!, tiebex, Zera, Zera, Guasausky, Ishigami, Ishigami, Arty, Jo$ha, Rocket, SigMa, inchou, Mave, Mave, Mave, Guasausky, inchou, kodo, Mave, Papyrus, Rocket, Aisengobay, Laj, Zim, Limón, Papyrus, hp, Zim, Lopino, hp, kodo, Poket, Tewa, Ant10quia, Lopino, Raikin, Skyy, hp, MCC, Raikin, Rocket, Jo$ha, hp, BIRA, hp, caioicy, LI4R, DRGS, Aisengobay, Mave, hp, Jo$ha, Raikin, NDJ, Raikin, NDJ, Raikin, NDJ, inchou, hp, inchou, Leso, Raikin, hp, Raikin, Blackayboard, Drop, Raikin, Aisengobay, Mave, Mave, kodo, Blassy, hp, Mave, caioicy, Pipo, Mave, Mave",
Chem,0-1,0-0,0-0,0-0,0-0,0-0,0-0,0-0,1-2,0-0,0-0,0-0,0-1,0-0,0-0,0-0,0-0,0-0,0-2,0-0,0-0,0-0,0-0,0-0,0-0,0-0,0-3,1-0,0-0,0-1,0-0,1-1,0-1,0-0,0-0,0-0,0-0,0-0,0-0,0-0,0-0,0-1,0-0,0-0,1-0,0-0,0-0,0-0,0-0,1-5,0-0,0-1,0-0,0-0,0-0,0-3,0-0,0-1,0-0,0-1,0-1,0-0,0-0,N/A,0-0,0-0,0-0,0-0,0-0,2-0,1-1,0-1,1-0,1-2,0-1,0-0,0-0,0-0,0-0,0-0,0-3,0-0,0-0,2-0,0-0,0-0,1-0,0-1,0-0,0-0,0-0,0-1,1-0,0-0,2-1,"Woley, Blea Gelo, htwa, grownworkingman, BZimm, Whiskers, Reeve, Reeve, Golden, Neologism, Chiefn_, Bbatts, Suezo, Sp1nda, DontTestMe, Uncle B, Kikoho, Kikoho, JSalt, FLiiNcHy, Younger, htwa, Kata, Bbatts, Nix, htwa, Hax$, mvlvchi, Neologism, Westballz, Westballz, Kata, htwa, Dimension, Dawson, Dimension, Dawson, Dawson, Fank, GXM, Umbr, Evil Morty, Umbr, Umbr, Umbr, Umbr, X-Rey, Cilan, X-Rey, Merktality, Godslayer903, Merktality, Tornado Man",
Dacky,0-0,0-0,0-0,0-0,0-0,0-0,0-0,0-1,0-2,0-0,0-3,0-0,0-0,0-1,0-1,0-0,0-0,1-2,0-1,0-0,0-0,0-0,0-0,1-2,0-0,0-0,0-1,0-1,0-0,0-0,0-0,0-1,0-0,0-0,0-0,0-0,1-0,1-0,2-0,0-0,0-0,0-0,0-0,0-1,0-0,0-0,0-0,0-0,0-0,2-4,0-0,1-2,0-0,0-0,0-0,0-1,0-0,0-0,0-0,1-0,0-0,0-0,0-0,0-0,N/A,0-0,0-0,0-0,0-0,0-0,0-0,0-0,0-0,0-0,0-0,0-0,2-0,0-0,0-0,0-0,1-0,0-0,0-0,1-0,0-0,0-0,0-0,0-0,1-0,0-0,0-0,0-0,0-0,0-1,0-1,"Jamrun, FatGoku, Eddy Mexico, Kürv, Typhoon, Soonsay, Soonsay, Eddy Mexico, FatGoku, FatGoku, FatGoku, FatGoku",
Eggy,0-1,0-0,0-0,0-0,0-0,0-0,0-0,0-0,0-0,0-0,0-0,0-0,0-0,0-0,0-0,0-0,0-0,0-0,0-0,0-0,0-0,0-0,0-0,0-0,0-0,0-0,1-0,0-0,0-0,0-0,0-1,0-1,0-0,0-1,0-0,0-0,0-0,0-0,0-0,0-0,1-0,0-0,0-0,0-0,0-1,0-0,0-0,0-0,0-0,0-3,0-0,0-0,0-0,1-0,2-0,0-0,0-0,0-1,0-0,0-3,1-0,0-0,0-0,0-0,0-0,N/A,0-0,0-0,0-0,0-4,0-0,0-1,0-0,2-0,1-3,1-4,0-1,8-6,1-0,0-0,2-0,0-0,0-0,1-0,0-0,0-0,1-5,0-4,0-0,0-0,0-0,0-0,1-2,1-1,0-1,"Leof, TPN, Bbatts, Freezus, Wicked_, haunter, Suezo, Kata, Jodokast, Ceja, Faust, JSalt, Justin Joe, Emanon, Dawson, JSalt, Freezus, DontRestMe, Jada, DontTestMe, K8A, CAUP, Dawson, FMB5k, Blazen, Bbatts, Lotfy, justiceforpersona, Fank, GodTouch, Hyunnies, JustJoe, Arpy, Unsure, TPN, Steoh, MOF, Golden, GI0GOAT, .Dempt, Question, Kata, Duff, ORLY, Ishigami, Ishigami, Suezo, Lotfy, Joe(y) Bats, Salt, Mad Tyro, JSalt, Koobie, JSalt, Dawson, JSalt, The Brig, JSalt, coffee, Ober, Ober, Killablue, FoxCap, Dragoid, LuigigoShard, Ober, Googlyeyed, Unsure, Kata, Unsure, Unsure, Larfen, Azzu, Ober, Unsure, Lengüitas, Arpy, Trash, Rasen, Rasen",
Far!,0-0,0-0,0-0,0-0,0-0,0-0,0-1,0-0,0-0,0-0,0-0,0-0,0-0,0-0,0-1,0-0,0-0,0-0,0-0,0-0,0-0,0-0,0-0,2-10,0-0,0-0,0-1,0-0,0-0,0-0,0-0,0-0,0-0,0-0,0-0,0-0,0-0,0-1,0-0,0-0,0-0,0-0,0-0,1-1,0-0,0-0,0-0,0-0,0-0,0-1,0-0,0-0,0-0,0-0,0-0,0-0,0-0,0-0,0-0,0-0,0-0,0-0,0-0,0-0,0-0,0-0,N/A,0-0,0-0,0-0,0-1,0-0,0-0,1-0,1-0,0-0,0-0,0-0,0-0,0-0,0-0,0-0,0-0,0-0,0-0,0-0,0-0,0-0,0-0,0-0,0-0,0-0,0-0,0-2,0-0,"Dova, Rei, Quaff, Jace, TheRealThing, Cilan, Salt, AR0, OkayP., K8A, Lengüitas, PanterA, Eddy Mexico, Kürv, .jpg, Fist Mexico, .jpg, Kürv, ESPONJA, ALP, rom, Eddy Mexico, mintea, aCID, Salt, Eddy Mexico, JCAM, JCAM, Eddy Mexico, X-Hylian, JSalt, Px-Hylian, Yu, Yu",
Flash,0-0,0-0,0-0,0-0,0-3,0-0,0-0,0-0,0-0,0-0,0-0,0-0,0-0,0-0,0-0,0-0,0-0,0-0,1-0,0-0,0-0,0-0,0-0,0-0,0-0,0-0,0-0,0-0,0-0,0-0,0-0,0-0,0-0,0-0,0-0,0-0,0-0,0-0,0-0,0-0,0-0,0-0,0-0,0-0,0-0,0-0,0-0,0-0,0-0,0-0,0-0,0-0,0-0,0-0,0-0,0-0,0-0,0-0,0-0,0-0,0-0,0-0,0-0,0-0,0-0,0-0,0-0,N/A,0-0,0-0,0-0,1-0,0-0,0-0,0-0,0-0,0-0,0-0,0-0,0-0,0-0,0-0,0-0,0-0,0-0,0-0,0-0,1-0,0-0,0-0,0-0,0-0,0-0,0-0,0-0,"Lord of Runescape, Kibbles, TheRealThing, essy",
Jah Ridin',0-0,0-3,0-0,0-0,0-0,0-0,0-0,0-0,0-0,0-0,0-0,0-0,0-0,0-0,0-0,0-2,0-0,0-0,0-0,0-0,0-1,0-0,0-0,0-0,0-3,0-0,0-0,0-0,0-0,0-0,0-0,0-0,0-0,0-0,0-2,0-0,0-0,0-0,0-0,0-0,0-0,0-0,0-0,0-1,0-0,0-0,0-0,0-0,1-3,0-0,0-1,0-0,0-2,0-0,0-0,0-0,0-0,0-0,0-0,0-0,0-0,0-0,0-0,0-0,0-0,0-0,0-0,0-0,N/A,0-0,0-0,0-0,0-0,0-0,0-0,0-0,0-0,0-0,0-0,0-0,0-0,1-2,0-0,0-0,0-0,0-0,0-0,0-0,0-0,0-0,0-0,0-0,0-0,0-0,0-0,"Solobattle, MINT, Solobattle, RedBlaze, Solobattle, Isdsar, Kins0, mayhem092, Levingy, Kins0, Levingy, Kins0, abbson, raoul, raoul, Solobattle, Kuya",
Jflex,0-6,0-0,0-0,0-1,0-0,1-0,0-0,0-0,0-0,0-0,0-2,0-1,0-0,0-2,0-3,0-0,0-1,0-5,0-7,0-0,0-0,0-0,0-0,0-1,0-0,2-0,2-5,0-0,0-1,0-0,1-2,0-4,0-6,1-0,0-0,0-0,0-2,1-0,3-0,0-0,2-0,0-0,0-0,1-2,0-0,0-0,0-0,0-0,0-0,4-16,0-0,1-1,1-1,9-0,1-0,0-2,0-0,4-11,0-0,3-13,1-2,6-0,0-0,0-2,0-0,4-0,0-0,0-0,0-0,N/A,0-2,0-1,3-0,4-0,2-3,1-0,9-6,6-0,1-0,0-0,3-9,0-0,0-0,1-1,0-0,0-0,1-3,4-0,0-4,0-0,0-3,5-5,3-6,0-3,3-8,"Azel, Russell, Dawson, Blea Gelo, PudgyPanda, Forrest, Grab, Grab, Unsure, Bbatts, Azel, htwa, Kuyashi, Jamrun, Eddy Mexico, Stango, Bbatts, Koobie, Kürv, OkayP., Salt, GGS, Akir, Hulka, rabit!, Kürv, $limChang, Smashdaddy, JSalt, K8A, Husband, Blues Clues, Logos, Erik, K8A, Erik, Erik, LuigigoShard, Bbatts, MOF, Kürv, RyGuy, MOF, JoJo, MOF, htwa, Siddward, Crow, Unsure, Googlyeyed, Knut, cockbread, Zeeker, Lotfy, Soonsay, Kürv, Golden, Hax$, Neologism, PudgyPanda, Whiskers, JoJo, Salt, DontTestMe, DontTestMe, Trail, Swedish Delight, JJM, Swedish Delight, Bbatts, Dimension, Fable, Neologism, Dawson, Smashdaddy, 404Cray, 404Cray, Zion, Zion, Epoodle, Salt, Bbatts, Lengüitas, Rei, Akir, Chopsteezy",
Jmook,0-0,0-0,0-0,0-0,0-0,1-0,0-1,0-0,1-0,0-0,0-1,0-0,0-0,0-1,1-0,0-0,0-0,0-0,2-1,0-0,0-0,0-0,0-0,0-0,0-0,0-1,1-0,0-0,0-0,1-0,0-0,0-0,1-0,0-0,0-0,0-0,0-0,1-0,0-0,0-0,0-0,1-0,0-0,0-0,0-0,0-0,0-0,0-0,0-1,1-2,0-0,0-0,0-0,0-0,0-0,0-0,1-0,1-1,0-0,0-0,2-0,1-0,0-0,1-1,0-0,0-0,1-0,0-0,0-0,2-0,N/A,0-0,0-0,0-0,0-0,0-0,1-0,0-0,0-0,0-0,0-0,0-0,0-0,0-0,0-0,0-0,0-0,0-0,0-0,0-0,0-0,0-0,0-0,0-0,0-0,Komodo,
Juicebox,0-0,0-0,0-0,0-0,0-0,0-0,0-0,0-1,0-0,0-0,0-0,0-0,0-0,0-0,0-1,0-0,0-0,0-0,0-1,0-0,0-0,0-0,0-0,0-0,0-0,0-1,0-3,0-1,0-0,0-0,0-0,0-0,3-3,0-0,0-0,0-0,0-0,0-0,0-0,0-0,0-0,0-2,0-0,0-0,1-0,0-0,0-0,0-0,0-0,0-2,0-0,0-0,0-0,0-0,0-0,0-0,0-0,0-0,0-0,0-0,0-0,0-0,0-0,1-0,0-0,1-0,0-0,0-1,0-0,1-0,0-0,N/A,0-0,2-0,0-0,0-0,1-0,2-0,0-0,0-0,0-3,0-0,0-0,0-0,0-0,1-0,0-1,0-0,0-0,0-0,0-0,0-0,0-0,0-0,1-1,"Leof, iLL BiLL, Bbatts, Peachy Keen, Dash, TPN, Stark, Fank, Fank, Bbatts, Quote",
Justus,0-1,0-0,0-0,0-1,0-0,0-0,0-0,0-0,0-0,0-0,0-0,0-0,0-0,0-0,0-0,0-0,0-0,0-2,0-0,0-0,0-0,0-0,0-1,0-1,0-0,1-0,0-0,0-1,0-0,0-0,0-0,0-1,0-0,0-0,0-0,0-0,0-0,0-0,0-0,0-0,0-0,0-0,0-0,0-1,0-0,0-0,0-0,0-0,0-0,0-5,0-0,0-1,0-1,0-0,0-0,0-0,0-0,0-0,0-0,0-3,0-0,0-0,0-0,0-1,0-0,0-0,0-0,0-0,0-0,0-3,0-0,0-0,N/A,0-1,0-0,0-0,0-0,0-0,0-0,1-1,1-0,0-0,1-1,1-1,0-0,0-3,0-1,0-0,0-0,0-0,0-0,0-0,0-0,0-0,0-0,"Squid, Typhoon, Gooms, Koobie, JSalt, GGS, Jochi, Just Jason, Soonsay, DannyPhantom, Fro116, Lotfy, cool bruh, YungWaff, Firebolt, Alan, TheRealThing, SooYoung, Akir, NOOT, Umarth, DarkHero, Logos, Salt, Wassabi, ycz6, LAG, Smashdaddy, Blues Clues, FMB5k, NOOT, NOOT, Zeeker, Sicca, Shmeeli, Typhoon, Typhoon, ycz6, Kürv, ycz6, Blues Clues, Captain G, Shmeeli, Quaff, Logos, Blues Clues, Logos, Quaff, Smashdaddy, LuigigoShard, htwa, Zion, JSalt, JSalt, NOOT, Fury, Umarth, Steech",
Khryke,0-1,0-0,0-0,0-0,0-0,0-0,0-0,0-0,0-0,0-0,0-1,0-0,0-0,0-0,0-0,0-0,0-0,0-0,0-2,0-0,0-2,0-0,0-0,0-1,0-0,0-0,0-0,0-0,0-1,0-1,0-0,0-0,0-0,0-0,0-0,0-0,0-0,0-0,2-2,0-0,0-1,0-1,0-0,0-0,0-0,0-0,0-0,0-0,0-0,0-3,0-0,0-0,0-4,0-0,1-0,0-0,0-0,0-0,0-0,0-2,3-7,0-0,0-0,2-1,0-0,0-2,0-1,0-0,0-0,0-4,0-0,0-2,1-0,N/A,1-0,0-0,0-2,2-2,0-0,0-0,0-2,0-0,0-0,0-0,0-0,0-0,1-1,1-2,0-1,0-0,0-2,1-1,0-4,0-0,0-0,"Lotfy, bonfire10, Sneakywill, Jank, Dawson, Fank, SubTails, Siddward, Dash, Hulka, DontTestMe, Whiskers, htwa, g-regulate, Googlyeyed, I'm Michael BTW, Suezo, Fro116, E-tie, Quaff, Typhoon, Neenor, William, Marrgasm, Casper, prof, Inky, Younger, Blues Clues, Jeffthecheff, Forrest, Younger, Bbatts, Lotfy, Siddward, Bbatts, Lotfy, Travioli, Evan, Googlyeyed, BZimm, Seven, Googlyeyed, Kata, Goobz, Vianny, CmG, JCAM, Stiffff, C-bass, Dawson, Dawson, Fro116, Lotfy, Younger, Koobie, Lukademus, Lukademus, Salt, Lotfy, Douglas.J.Gov, Prometheus, PROMETHEUS, Prometheus, Prometheus, Lukademus, Lukademus, eve, Lotfy, Toast, Dao, BRYN, WAMatt, Bbatts, htwa, rabit!, Lotfy, Salt, SmashBob SquarePants, Joey Donuts, Komodo, Neologism, Neologism, spaceman, Sp1nda",
Logan,0-1,0-0,0-0,0-2,0-1,0-0,0-0,0-1,0-2,0-0,0-2,0-0,0-2,1-0,0-1,0-0,0-0,0-0,2-2,0-0,0-1,0-0,0-0,0-0,0-0,2-2,1-2,1-0,0-0,1-0,0-0,2-1,1-0,0-0,0-0,0-0,3-1,0-0,3-1,0-0,0-0,0-0,0-0,1-1,0-0,2-0,0-0,0-0,0-0,4-0,0-0,1-1,1-0,2-0,0-0,0-0,0-0,4-3,0-0,7-4,1-1,0-0,0-0,1-0,0-0,3-1,0-1,0-0,0-0,3-2,0-0,0-0,0-0,0-1,N/A,0-0,1-0,1-0,0-1,0-0,0-0,0-0,0-0,0-0,0-0,0-0,1-0,2-2,0-2,0-0,1-1,0-0,3-0,0-0,5-1,"Dawson, Kata, Kata, Forrest, DontTestMe, Unsure, DontTestMe, Equal, Hax$, Hax$, MOF, JSalt, Hax$, FatGoku, SmashBob SquarePants, Supersponge, Salt",
Mekk,0-0,0-0,0-0,0-0,0-0,0-0,0-0,0-0,0-0,1-0,0-0,0-0,0-0,0-0,0-0,0-0,0-0,0-0,0-0,0-0,1-0,0-0,0-1,0-0,0-0,0-0,0-2,0-0,0-0,0-0,0-0,1-2,0-0,0-5,0-0,0-0,0-0,0-0,0-0,0-0,1-0,0-0,0-1,0-0,0-0,0-0,0-0,0-0,0-0,0-0,0-0,0-0,0-0,0-0,0-0,0-0,0-0,0-0,0-0,0-1,0-0,0-0,0-0,0-0,0-0,4-1,0-0,0-0,0-0,0-1,0-0,0-0,0-0,0-0,0-0,N/A,0-0,2-0,0-0,2-6,0-5,0-0,0-0,0-2,0-0,0-0,5-1,0-0,0-0,0-0,0-0,1-0,0-0,0-0,0-1,"Vish, Reeve, Hax$, Forrest, Forrest, Ford$, Swedish Delight, Smashdaddy, DD, Brand0, Lotfy, Ober, Hyunnies, Bab Activated, SuperCuak, Akir, Dao, Umarth, Morrito, Suezo, Koobie, Koobie, Unsure, Koobie, Joey Donuts, htwa, Whiskers, maxi, Steech, grownworkingman, The Leaf, The Leaf, The Leaf, Nanami (aka PurpleZ), The Leaf, Tanooki, Westballz, Westballz, JCAM, Komodo, cadenville, Amrak, Zamorita, Salt, Smashdaddy, Fank, Pleeba, Pleeba, Pleasantries, ChuDat, DD",
Mot$,0-0,0-0,0-0,0-0,0-0,0-0,0-0,0-0,0-1,0-0,0-0,0-1,0-1,0-0,1-1,0-0,0-1,0-1,0-3,0-0,0-1,0-0,0-0,0-0,0-0,0-2,0-1,0-0,0-0,0-1,0-1,0-3,0-0,0-1,0-0,0-0,0-0,0-0,0-0,0-0,1-2,0-0,0-0,0-1,0-1,1-0,0-0,0-0,0-0,0-3,0-0,0-0,1-2,8-2,1-0,0-0,0-0,0-3,0-0,1-4,1-0,0-0,0-0,0-0,0-2,1-0,0-0,0-0,0-0,6-9,0-1,0-1,0-0,2-0,0-1,0-0,N/A,0-0,0-0,0-0,2-0,0-0,0-0,0-0,0-0,0-1,1-2,1-0,0-3,0-0,0-1,12-10,1-3,0-0,2-2,"Jamrun, Reeve, Hax$, futtbucker, Muscoman, KoopaTroopa895, Dawson, Error, FendrickLamar, Erik, Erik, LuigigoShard, Bank, iLL BiLL, prof, Younger, Ghost Rider, Dimension, Panos, Whiskers, JoJo, 404Cray, SloX, JoJo, Swedish Delight, Swedish Delight, The Leaf, lozplyr89, Bigbuffalo, Forrest, Leighton, Just Jason, Just Jason, SloX, SloX, JoJo, K8A, Fable, Majersk, Just Jason, Bbatts, Trail, Panos, YokaiNels, 404Cray, HOBORG, HOBORG, Error, Error, Error",
NoFluxes,0-0,0-0,0-0,0-1,0-0,0-0,0-0,0-0,0-0,0-0,0-1,0-0,0-0,0-0,0-1,0-0,0-0,0-0,1-2,0-0,0-1,0-0,0-0,0-0,0-0,0-0,0-4,0-0,0-0,0-0,1-0,0-1,0-2,0-8,0-0,0-0,0-0,0-0,4-0,0-0,2-1,0-0,0-0,0-0,0-0,0-0,0-0,0-0,0-0,5-3,0-0,0-0,1-3,1-0,1-0,0-0,0-0,0-3,0-0,0-4,0-2,0-0,0-0,0-0,0-0,6-8,0-0,0-0,0-0,0-6,0-0,0-2,0-0,2-2,0-1,0-2,0-0,N/A,0-0,0-1,5-2,0-0,0-0,1-1,1-0,0-0,2-5,0-4,2-0,0-0,0-0,1-0,1-2,0-1,0-1,"Lotfy, mgmg, Bbatts, Balloon Day, Casper, Younger, Nanami (aka PurpleZ), Pi#374, ALP, OkayP., Jamrun, Equilateral, Stiffff, K8A, Faust, Chopsteezy, Russell, Fank, aCID, Swedish Delight, Trail, Busy Boi, Lotfy, Lotfy, EduPorp, JSalt, Epoodle, DannyPhantom, EduPorp, Erik, JSalt, Husband, Husband, Mad Tyro, Mad Tyro, MessiSTL, Zeeker, JSalt, Salt, Salt, JSalt, FMB5k, Equal, Neologism, Paladin, Koobie, Dawson, Leof, Bbatts, Koobie, Krispy, Bbatts, Bbatts, mgmg, Koobie, Koobie, Abe, Bbatts, Bbatts, JSalt, JSalt, Zeeker, Pi#374, TPN, rabit!, Freezus, Bbatts, Koobie, Freezus, Bbatts, Bbatts, Bbatts, Blue, DannyPhantom, Alextrer, Panko, JustJoe, JustJoe, Sneakywill, Dawson, 119Mista, coffee, Ober, Goonus, The Leaf, Freezus, Komodo, Seven, .Dempt, TPN, Crow, Jimmy Jockstrap, Akir, Badmouth, Leof, Ober, JSalt, William, Sirmeris, Sirmeris, Gl!tch, Crow, tiebex, Koobie, Koobie, Kata, DontTestMe, JSalt, Komodo, Neologism, prof, Sneakywill, Zeeker, Dirt, E-tie, PRIN$E, Koobie, Lotfy, mgmg, Fank, .Dempt, William, Toast, mgmg, Scal, Drio, Lotfy, Koobie, shamr0ck, Freezus, JSalt, Ober, Ober, Ober, Unsure, Koobie, William, Paladin, Bbatts, Cast, Pi#374, Panko, htwa, Lotfy, Bobby Frizz, Seven, Suezo, Jimmy Jockstrap, tiebex, Bbatts, Bbatts, Prometheus, Prometheus, SpiritxReaper, SpiritxReaper, Drio, Drio, Jimmy Jockstrap, Churze, JSalt, JSalt, Crow, Crow, Weeg, DD, Reesch, Koobie, JSalt, JSalt, JSalt, JSalt, JSalt, JSalt, Koobie, Koobie, The Leaf, Suezo, Esquire, Joey Donuts, Akir, Joey Donuts, Rasen, Travioli, KeyboardMarth",
null,0-0,0-1,0-0,0-0,0-1,0-0,0-0,0-0,0-0,0-0,0-3,2-11,0-0,0-0,0-0,0-0,1-0,1-5,0-1,0-0,0-0,0-0,0-0,0-0,0-0,0-0,0-0,0-0,0-0,1-2,0-0,0-0,0-0,0-0,0-0,0-0,0-0,0-0,0-0,3-2,0-0,0-0,1-0,1-6,0-0,0-0,0-0,0-0,0-0,1-0,0-0,0-0,0-0,0-0,0-0,0-0,0-2,0-0,5-6,0-0,0-0,0-0,0-0,0-0,0-0,0-1,0-0,0-0,0-0,0-1,0-0,0-0,0-0,0-0,1-0,0-0,0-0,0-0,N/A,0-0,0-0,0-0,2-1,0-0,0-0,0-1,0-1,0-0,0-0,0-0,0-1,0-0,0-0,0-0,0-0,"blargh257, Casper, Asashi, Franz, Westballz, MegaXmas, Westballz, MegaXmas, Asashi, Westballz, huh, Hobbes, Casper, Jace, Smashdaddy, Franz, Franz",
Palpa,0-0,0-0,0-0,0-0,0-0,0-0,0-0,0-0,0-0,0-0,0-2,0-0,0-0,0-0,0-0,0-0,0-0,1-0,0-0,0-0,0-0,0-0,0-0,0-0,0-0,0-0,0-0,1-0,0-0,0-0,0-0,0-0,0-0,0-0,0-0,0-0,0-0,0-0,0-0,0-0,0-0,0-0,0-0,0-1,0-0,0-0,0-0,0-0,0-0,1-2,0-0,0-0,1-0,0-0,0-0,0-0,0-0,0-0,0-0,0-0,0-0,0-0,0-0,0-0,0-0,0-0,0-0,0-0,0-0,0-0,0-0,0-0,1-1,0-0,0-0,6-2,0-0,1-0,0-0,N/A,5-8,0-0,0-0,1-1,0-0,0-4,0-0,0-0,0-0,0-0,0-0,0-0,0-0,0-0,0-1,"FatGoku, FatGoku, Smashdaddy, KoopaTroopa895, Salt, bobbybigballz, The Leaf, The Leaf, The Leaf, The Leaf, The Leaf, The Leaf, tatuwah, The Leaf, Air, AlyJ",
Pappi,0-0,0-0,0-0,0-0,0-0,0-0,0-0,0-0,0-0,0-0,1-4,0-0,0-5,0-0,0-0,0-0,0-1,1-3,1-3,0-0,1-0,0-0,0-1,1-2,0-0,0-1,0-5,0-1,0-0,0-2,0-0,1-0,0-4,0-0,0-0,0-0,0-1,0-0,7-1,0-0,0-0,0-0,0-0,2-4,0-0,0-0,0-0,0-0,0-0,17-11,0-0,0-5,2-0,1-1,0-0,0-0,0-0,0-1,1-0,3-10,2-2,0-0,0-0,3-0,0-1,0-2,0-0,0-0,0-0,9-3,0-0,3-0,0-1,2-0,0-0,5-0,0-2,2-5,0-0,8-5,N/A,0-0,0-0,9-10,1-1,0-4,1-0,1-1,0-1,0-0,0-0,0-0,2-2,3-5,1-3,"Salt, Salt, Yamasaki, Westballz, Iifter, Azel, ALP, Koobie, Eddy Mexico, NOOT, Typhoon, KoopaTroopa895, Eddy Mexico, NOOT, Axon, Firebolt, mvlvchi, Zhyrri, Wassabi, htwa, KoopaTroopa895, Blues Clues, Spoodily, Eddy Mexico, Quaff, Arcadia, imoutoslayer, Typhoon, Quaff, FatGoku, FatGoku, Eddy Mexico, soccermom69, FatGoku, Smashdaddy, FatGoku, NOOT, TreyTheTrashman, Elliot, NOOT, SuperCuak, ALP, Connor, Iron, Typhoon, DD, Typhoon, Midnight Blue, TPN, Soonsay, Smashdaddy, Blues Clues, 404Cray, Eddy Mexico, PanterA, PanterA, Buckets, Typhoon, Salt, Goosekhan, LuigigoShard, Pi#374, CmG, Salt, Hulka, Grab, Eddy Mexico, Rei, Unsure, FatGoku, Komodo, Travioli, Hax$, Salt, Anjo, PanterA, PanterA, Kürv, Nathan, Iifter, Iifter, mintea, The Leaf, Nathan, Freezus, Lotfy, K8A, LuigigoShard, Koobie, Mud, Komodo, FatGoku, Rei, Komodo, htwa, Smashdaddy, John Wick, DD, Smashdaddy, Kimchi, Kimchi, Dimension, Zion, Trail, Freezus, Trail, Rasen, Midnight Blue, El Link, John Wick, Cat Named Virtue, Goosekhan, Steech, Dawson, Rei, DD, blargh257, blargh257, Salt, haunter, Weeg, JSalt, Sker, Case, Eddy Mexico, aCID, LAG, Dova, haunter, New Guy, ALP, ALP, BIG PIKA, Dizzy, Harout, Paladin, Akir, SnooSnoo, JSalt, JSalt, JSalt, Darrell, HaxMoneyHulkHogan, Midnight Blue, OkayP., Salt, Darrell, JSalt, JSalt, JSalt, Justin Joe, John Llawless, JSalt, MT, Blues Clues, Blues Clues, rom, NOOT, NOOT, 901|Austin, John Llawless, Akir, Sodabro",
Pipsqueak,0-1,3-3,0-0,0-0,0-0,0-0,0-0,0-1,0-1,0-0,0-0,0-0,0-0,0-0,0-0,2-3,0-0,0-0,0-0,1-0,0-0,0-0,0-0,0-0,6-0,0-0,0-0,0-0,0-0,0-1,0-0,0-0,0-0,0-0,6-2,0-0,1-0,0-0,0-0,0-0,0-0,1-1,0-0,0-0,1-0,0-0,0-0,0-0,7-3,0-0,4-1,0-0,0-0,0-0,0-0,0-0,0-0,0-0,0-0,0-0,0-0,0-0,1-0,0-0,0-0,0-0,0-0,0-0,2-1,0-0,0-0,0-0,0-0,0-0,0-0,0-0,0-0,0-0,0-0,0-0,0-0,N/A,0-0,0-0,0-0,0-0,0-0,0-0,0-0,0-0,1-0,0-0,0-0,0-0,0-0,"MINT, Mahie, MINT, Solobattle, Kins0, MINT",
Ringler,0-0,0-0,0-0,0-0,0-0,0-0,0-0,0-0,0-0,0-0,0-1,0-2,0-0,0-0,0-0,0-0,0-0,0-0,0-0,0-1,0-0,0-0,1-0,0-0,0-0,0-0,0-0,0-0,0-0,0-0,0-0,1-0,0-1,0-0,0-0,0-0,0-0,0-0,0-1,0-1,0-0,0-0,2-0,1-0,0-0,0-0,0-0,0-0,0-0,0-0,0-0,0-0,0-0,0-0,0-0,0-0,0-0,0-0,0-1,0-0,0-0,0-0,0-0,0-0,0-0,0-0,0-0,0-0,0-0,0-0,0-0,0-0,1-1,0-0,0-0,0-0,0-0,0-0,1-2,0-0,0-0,0-0,N/A,0-2,0-0,0-0,0-0,0-2,0-0,0-0,0-0,0-0,1-0,0-0,0-0,"Azel, Smashdaddy, Sirmeris, Fury, Third Strongest, Chango, Rei, Rei, Golden, Ghost Rider, Franz, Smashdaddy, Gooms, L  d00pee, ARMY, Asashi, Sp1nda, Bbatts, Junk, eve, lucky_dude_1, MegaXmas, Rei, Rei, Travioli, Travioli",
SDJ,0-1,0-0,0-0,0-1,0-0,0-0,0-0,0-0,0-0,0-0,0-6,0-0,0-0,0-0,0-0,0-0,0-0,0-0,0-1,0-0,0-0,0-0,0-0,0-1,0-0,0-1,1-1,1-0,0-0,0-0,0-0,0-0,2-1,0-0,0-0,1-1,0-0,0-0,0-2,1-0,1-0,0-0,1-0,0-8,0-0,0-0,0-0,0-0,0-0,9-13,0-0,0-0,0-0,0-0,0-0,0-0,0-0,0-0,1-0,0-2,0-1,0-0,0-0,0-2,0-1,0-1,0-0,0-0,0-0,1-1,0-0,0-0,1-1,0-0,0-0,2-0,0-0,1-1,0-0,1-1,10-9,0-0,2-0,N/A,0-2,1-7,0-0,0-1,0-1,0-0,0-0,0-0,0-0,0-2,0-0,"Elysian, FatGoku, DannyPhantom, codeman, KBarry, Quaff, Eddy Mexico, Westballz, SpacePigeon, redpandamaster, Blues Clues, Eddy Mexico, ALP, Hax$, FatGoku, Fury, Will Pickles, Cilan, TzD, John Llawless, Freezus, Dizzy, Fury, bluezaft (inactive), bobbybigballz, NOOT, bobbybigballz, ZeldaFool, Umbr, Sker, Ober, Ober, Pops, John Llawless, DD, JSalt, JSalt, KGB, Fable, Maximus, Fury, Studebacher Hoch, Fury, Will Pickles, Will Pickles, Cilan, Miles, Sker, JSalt, JSalt, rabit!, JSalt, JSalt, Rick, Elysian, Elysian, Pops",
Secrets,0-1,0-0,0-0,1-0,0-0,0-0,0-0,0-0,0-0,0-0,0-0,0-0,0-0,0-0,0-0,0-0,0-0,0-0,0-0,0-0,0-0,0-0,0-0,0-1,0-0,0-0,0-0,0-1,0-0,0-0,0-0,0-0,0-0,0-0,0-0,0-0,0-0,0-0,0-0,1-0,0-0,0-0,0-0,0-0,0-0,0-0,0-0,0-0,0-0,0-0,0-0,0-1,0-0,0-0,0-0,0-0,0-0,0-0,0-1,0-0,0-0,0-0,0-0,0-0,0-0,0-0,0-0,0-0,0-0,0-0,0-0,0-0,0-0,0-0,0-0,0-0,0-0,0-1,0-0,0-0,1-1,0-0,0-0,2-0,N/A,0-0,0-0,0-0,0-0,0-0,0-0,0-0,0-0,0-1,0-0,"Balloon Day, AlyJ, NOOT, Peachy Keen, Jet, Freezus, Grab, Louis, DASH, Redcoat, Schythed, Bobby Frizz, Schythed, Fizzwiggle, Fizzwiggle, OkayP., Logos, Equilateral, Egg$",
SFOP,0-0,0-0,0-0,0-2,0-0,0-0,0-0,0-0,0-0,0-0,1-0,0-1,0-2,0-0,0-0,0-0,0-0,1-2,2-1,0-0,0-1,0-0,0-0,0-0,0-0,0-2,0-0,0-1,0-0,0-1,0-0,1-0,1-0,0-0,0-0,0-0,3-1,0-0,0-0,0-0,0-0,0-0,0-0,0-3,0-0,0-0,0-0,0-0,0-0,7-6,0-0,0-1,0-0,0-0,0-0,0-0,0-0,1-3,0-0,2-0,0-0,0-0,0-0,0-0,0-0,0-0,0-0,0-0,0-0,0-0,0-0,0-1,3-0,0-0,0-0,0-0,1-0,0-0,1-0,4-0,4-0,0-0,0-0,7-1,0-0,N/A,0-0,1-0,0-0,0-0,0-0,0-0,0-0,1-0,0-0,"FatGoku, yingling, Ribboned Ace, Soonsay, Quaff, Quaff, Quaff, Quaff, Soonsay, Vish, Chummi, Chummi, Logos, Kata, ronnie, Blues Clues, Hax$, Hax$, Forrest, Forrest",
Skerzo,0-1,0-0,0-0,0-0,0-1,0-0,0-0,0-0,0-1,0-0,0-0,0-0,0-0,0-0,0-1,0-0,0-0,0-1,1-4,0-0,0-0,0-0,0-0,0-0,0-0,0-0,0-0,0-0,0-0,0-1,0-1,0-4,1-4,27-18,0-0,0-0,0-0,0-0,0-0,0-0,0-1,0-1,0-0,0-1,1-0,1-0,0-0,0-0,0-0,1-1,0-0,0-0,0-0,0-1,6-0,1-0,0-0,0-0,0-0,0-1,2-1,0-0,0-0,0-1,0-0,5-1,0-0,0-0,0-0,3-1,0-0,1-0,1-0,1-1,0-1,1-5,2-1,5-2,1-0,0-0,0-1,0-0,0-0,0-0,0-0,0-0,N/A,0-1,0-0,0-0,0-1,0-1,1-0,0-2,1-0,"Conman, Blues Clues, Siddward, Dope, Neologism, Lotfy, Komodo, Unsure, htwa, Zeeker, Bbatts, Epoodle, Siddward, DontRestMe, Nakamaman, Azzu, Reeve, TheRealThing, TheRealThing, Blue, Pleasantries, GI0GOAT, JustJoe, FoxCap, Fluid, Q?, Frost, Casual, Ober, Hyunnies, Fluid, Killablue, Ober, Fluid, Ober, Unsure, Unsure, Unsure, LLDL, Skechers, TechDeath, Arpy, Ober, Ober, ORLY, Maher, Ober, DrLobster, Joey Donuts, Travioli, Pleeba, JustJoe, Azzu, DannyPhantom, Unsure, TechDeath, Ober, FoxCap",
Slowking,0-0,0-0,0-0,0-0,0-0,0-0,0-0,0-0,0-0,0-0,0-0,0-0,0-0,0-0,0-1,0-0,0-0,0-2,0-1,0-0,0-1,0-0,0-0,0-0,0-0,0-0,3-0,0-0,0-0,0-1,0-1,0-1,0-2,1-3,0-0,0-0,0-0,0-0,1-2,0-0,0-0,0-0,0-0,0-0,0-0,0-1,0-0,0-0,0-0,2-1,0-0,0-1,1-1,0-1,2-0,1-0,0-0,0-1,0-0,2-3,1-0,0-0,0-0,1-0,0-0,4-0,0-0,0-1,0-0,0-4,0-0,0-0,0-0,2-1,2-2,0-0,0-1,4-0,0-0,0-0,1-1,0-0,2-0,1-0,0-0,0-1,1-0,N/A,0-0,0-0,0-0,0-0,1-2,0-0,0-2,"Dawson, Lotfy, i still love you, K8A, Ahmad, Golden, Joey Donuts, Faust, Darktooth, Kuyashi, Wicked_, Dawson, Smashdaddy, PanterA, Rei, Suezo, Uncle B, Kuyashi, Lunar Dusk, Lunar Dusk, Kuyashi, Kuyashi, Isles, Bbatts, Zeeker, Lunar Dusk, JoJo, JSalt, Lotfy, Pi#374, Salt, Salt, FMB5k, Lotfy, MOF, Travioli, Boigan, The Fury, The Fury, CardboardBear, Travioli, JSalt, Russell, Kuyashi, Bobby Frizz, Bobby Frizz",
SluG,0-3,0-0,0-0,0-0,0-0,0-1,0-0,0-0,0-0,0-0,0-1,0-0,0-0,0-0,1-0,0-0,0-0,0-0,1-2,0-0,0-0,0-0,0-0,0-0,0-0,2-0,1-2,0-0,0-0,0-0,0-0,0-0,1-3,0-0,0-0,0-0,0-1,0-0,0-0,0-0,0-0,0-0,0-0,1-0,0-0,0-0,0-0,0-0,0-0,1-0,0-0,0-0,1-0,0-0,0-0,1-0,0-0,0-2,0-0,3-0,1-0,0-0,0-0,0-0,0-1,0-0,0-0,0-0,0-0,4-0,0-0,0-0,0-0,1-0,2-0,0-0,3-0,0-2,0-0,0-0,1-0,0-0,0-0,1-0,0-0,0-0,0-0,0-0,N/A,0-0,0-0,0-2,1-0,0-1,1-0,"Smashdaddy, ChuDat, Bbatts, Kürv, Hax$, Bbatts, Hax$, Zion, Zion",
Sock,0-1,0-0,0-0,0-0,0-0,0-0,0-0,0-0,0-0,0-0,0-0,0-1,0-0,0-0,0-0,0-0,0-0,0-0,0-0,0-0,0-0,0-0,0-0,0-0,0-0,0-0,0-0,0-0,0-0,0-0,0-0,0-0,0-0,0-0,0-0,0-0,0-0,0-0,0-0,0-0,0-0,0-0,0-0,0-0,0-0,0-0,1-0,0-0,0-0,0-0,1-0,0-0,0-0,0-0,0-0,0-0,0-7,0-0,0-1,0-0,0-0,0-0,0-0,0-0,0-0,0-0,0-0,0-0,0-0,0-0,0-0,0-0,0-0,0-0,0-0,0-0,0-0,0-0,0-0,0-0,0-0,0-0,0-0,0-0,0-0,0-0,0-0,0-0,0-0,N/A,0-0,0-0,0-0,0-0,0-0,"Squid, Mo $, Westballz, Dr. Lame, s2b, deft, SquirtlSquad, McCloud, McCloud, McCloud, Nangs, Doritoes5, 2 Uosdwis 2 Dewoh, DonB, MC, Thato, Pickles, Rei, McCloud, McCloud, McCloud",
Swift,1-3,0-1,0-1,0-0,0-0,0-0,0-0,0-0,0-1,0-0,0-0,0-0,0-0,0-0,0-1,0-0,0-0,0-0,1-1,0-0,0-0,0-0,0-0,0-0,0-0,0-0,0-0,0-0,0-0,0-0,0-0,0-1,0-1,0-0,0-0,0-0,0-0,0-0,0-0,0-0,0-0,0-0,0-0,1-0,0-0,0-1,0-0,0-0,0-0,0-0,0-0,0-0,0-0,0-0,0-0,0-0,1-0,2-2,0-0,0-1,3-0,1-0,0-0,0-0,0-0,0-0,0-0,0-0,0-0,3-0,0-0,0-0,0-0,2-0,1-1,0-0,1-0,0-0,1-0,0-0,0-0,0-1,0-0,0-0,0-0,0-0,1-0,0-0,0-0,0-0,N/A,0-0,0-0,0-0,0-0,"Pleasantries, Bbatts, Ober, Vianny",
Wally,0-0,0-0,0-0,0-1,0-0,0-0,0-0,0-0,0-1,0-0,0-0,0-0,0-0,0-0,0-0,0-0,0-0,0-0,0-0,0-0,0-0,0-0,0-0,0-0,0-0,0-1,0-0,0-0,0-0,0-0,1-1,1-1,0-0,0-0,0-0,0-0,0-0,0-0,0-0,0-0,3-1,0-3,0-0,1-1,0-0,2-2,0-0,0-0,0-0,0-0,0-0,0-0,0-0,1-4,1-0,0-0,0-0,1-3,0-0,0-1,1-2,1-1,0-0,1-0,0-0,0-0,0-0,0-0,0-0,5-5,0-0,0-0,0-0,1-1,0-0,0-1,10-12,0-1,0-0,0-0,0-0,0-0,0-0,0-0,0-0,0-0,1-0,0-0,2-0,0-0,0-0,N/A,2-2,0-0,0-0,"JoJo, Panos, Whiskers, Whiskers, Whiskers, JoJo, JoJo, JoJo, Swedish Delight, Louis, Bbatts, HOBORG, Maelstrom, Louis, 404Cray, Error, Young Neil, Fable, Majersk, HOBORG, Maelstrom, angst, Tommy, Just Nate, Error, Error, Fable, Kuma, Fable, JJM, JJM, Majersk, Kevorkian, Error, Error",
Warmmer,0-0,0-0,0-0,0-0,0-0,0-0,0-0,0-0,0-1,0-0,0-0,0-0,0-0,0-0,0-0,0-0,0-0,0-0,0-2,0-0,0-0,0-0,0-0,0-1,0-0,0-0,0-0,0-0,0-1,0-0,0-0,0-1,1-1,1-0,0-0,0-0,0-1,0-0,0-1,0-0,0-2,0-0,0-0,0-2,0-0,1-0,0-0,0-0,0-0,0-3,0-0,0-0,0-0,3-5,1-0,0-0,0-0,1-3,0-0,1-0,1-1,2-1,0-0,0-1,0-0,2-1,0-0,0-0,0-0,6-3,0-0,0-0,0-0,4-0,0-3,0-0,3-1,2-1,0-0,0-0,2-2,0-0,0-1,0-0,0-0,0-0,0-1,2-1,0-1,0-0,0-0,2-2,N/A,1-0,0-0,"OkayP., Rabbit, tomdollars, Ben Snape, Lotfy, OtES, Akir, Jamrun, Karan, JoJo, Siddward, sinbad, TheRealThing, Jada, Snap, MOM!, eve, Bbatts, Soonsay, dudutsai, Future Shock, DrLobster, catsonthemoon, Heartstrings, Axis, JSalt, Jammy, Kikoho, Googlyeyed, Drio, JSalt, Balloon Day, Just Jason, eve, DarkHero, Sodabro, Unsure, CmG, Ossify, Captain Pretzel, Dawson, Blues Clues, CeeLew, Sodabro, Suezo, Adam001, Chipotle+, Akir, Seven, Redcoat, Kikoho, SloX, Trail, Q, Trail, lucky_dude_1, Grab",
Zealot,0-0,0-0,0-0,0-1,0-1,0-0,0-0,0-0,0-1,0-0,0-0,0-0,0-1,0-0,0-0,0-0,0-0,0-0,0-1,0-0,0-0,0-0,0-0,0-0,0-0,0-1,0-4,0-0,0-0,1-0,0-0,2-2,4-0,0-0,0-0,0-0,0-0,0-0,0-0,0-0,0-0,0-0,0-0,0-0,0-0,0-0,0-0,0-0,0-0,1-1,0-0,0-2,0-0,0-0,0-0,0-0,0-0,0-0,0-0,3-0,1-1,1-0,0-0,0-0,1-0,1-1,2-0,0-0,0-0,3-0,0-0,0-0,0-0,0-0,0-0,0-0,0-0,1-0,0-0,0-0,5-3,0-0,0-0,2-0,1-0,0-1,2-0,0-0,1-0,0-0,0-0,0-0,0-1,N/A,0-0,"TheRealThing, mvlvchi, Eddy Mexico, Egg$, Grab, Just Jason, Just Jason, Leighton, Smashdaddy, LAG, DD, Komodo, Komodo, Fizzwiggle",
Zuppy,0-1,0-0,0-0,0-0,0-0,0-0,0-0,0-0,0-1,0-0,0-0,0-0,0-0,0-0,0-3,0-0,0-0,0-0,0-3,0-0,0-0,0-0,0-0,0-0,0-0,1-1,0-3,0-0,0-0,0-0,0-0,1-2,1-1,0-0,0-0,0-0,3-0,0-0,0-0,0-0,1-0,0-0,0-0,0-0,0-0,0-0,0-0,0-0,0-0,3-3,0-0,0-1,1-4,2-0,0-0,1-1,0-0,3-4,0-0,2-1,1-2,0-0,0-0,1-2,1-0,1-0,0-0,0-0,0-0,8-3,0-0,1-1,0-0,0-0,1-5,1-0,2-2,1-0,0-0,1-0,3-1,0-0,0-0,0-0,0-0,0-0,0-1,2-0,0-1,0-0,0-0,0-0,0-0,0-0,N/A,"Younger, Eddy Mexico, Hax$, Forrest, Fank, Prometheus, DarkGenex, Soonsay, ronnie, Pi#374, Forrest, Forrest, Pi#374, Grab, Grab, Neologism, Neologism, Smashdaddy, i still love you, Dimension, htwa, Ryan Ford, Koobie",
